Status,Action needed,Product,Category,Photos,Price,Size of first photo,Edit link
"No photo","Shoot and upload: product shot, model shot, original","999 Fine Silver Lord Balaji Statue with Intricate Arch & Tilak Detail | Divine Home Mandir Artifact","Gifting / artifacts / balaji idol","0","7500","","https://www.sreerasthusilvers.com/admin/products/DuZheVyISKCaGWsSD5Yh"
"No photo","Shoot and upload: product shot, model shot, original","999 Pure Silver Handcrafted Elephant Pair with Intricate Artistry | Luxury Silver Showpiece on Wooden Base","Gifting / artifacts / elephants","0","2500","","https://www.sreerasthusilvers.com/admin/products/Rf41Ehr4ttgYBEbGpL6U"
"No photo","Shoot and upload: product shot, model shot, original","999 Pure Silver Handcrafted Elephant Pair with Intricate Artistry | Luxury Silver Showpiece on Wooden Base","Gifting / artifacts / elephants","0","6800","","https://www.sreerasthusilvers.com/admin/products/VfVMuFTlAV0QtTnsQAOe"
"No photo","Shoot and upload: product shot, model shot, original","999 Pure Silver Handcrafted Elephant Pair with Intricate Artistry | Luxury Silver Showpiece on Wooden Base","Gifting / artifacts / elephants","0","3500","","https://www.sreerasthusilvers.com/admin/products/iTqUupreExTQOBSJ4fVf"
"No photo","Shoot and upload: product shot, model shot, original","Pure 999 Silver Decorative Elephant Statues (Set of 2)","Gifting / artifacts / elephants","0","4000","","https://www.sreerasthusilvers.com/admin/products/ZfTSNyV6V54jDIzayNDB"
"No photo","Shoot and upload: product shot, model shot, original","Pure 999 Silver Decorative Elephant Statues (Set of 2)","Gifting / artifacts / elephants","0","3000","","https://www.sreerasthusilvers.com/admin/products/cuDlEGWOS5h38MqZpDyB"
"No photo","Shoot and upload: product shot, model shot, original","999 Fine Silver Carved Shankhu with Embossed Vinayagar Idol & Gold Highlights | Divine Mandir Decor","Gifting / artifacts / shankam","0","2800","","https://www.sreerasthusilvers.com/admin/products/WOMjgWMf64y2OByXz63z"
"No photo","Shoot and upload: product shot, model shot, original","999 Fine Silver Mounted Natural White Shankhu (Conch) | Divine Home Mandir Altar Decor","Gifting / artifacts / shankam","0","3000","","https://www.sreerasthusilvers.com/admin/products/LI1UfGovZUBXrgFPMeui"
"No photo","Shoot and upload: product shot, model shot, original","Pure 999 Silver Decorative Om Shankh Idol for Pooja & Premium Gifting","Gifting / artifacts / shankam","0","2299.93","","https://www.sreerasthusilvers.com/admin/products/QE9WCQDWur1LoNGwUOKy"
"No photo","Shoot and upload: product shot, model shot, original","Pure 999 Silver Decorative Om Shankh Idol for Pooja & Premium Gifting","Gifting / artifacts / shankam","0","4400","","https://www.sreerasthusilvers.com/admin/products/sgY1rrhiRZZaLaPi3B8O"
"No photo","Shoot and upload: product shot, model shot, original","Pure 999 Silver High-Relief Ganesha Conch Shell Idol for Pooja & Premium Gifting","Gifting / artifacts / shankam","0","2600","","https://www.sreerasthusilvers.com/admin/products/TWCb7L7xTLcCDfrFt6QM"
"No photo","Shoot and upload: product shot, model shot, original","999 Fine Silver Antique Carved Tulasi Vrindavan Stand with Ornate Legs | Divine Home Pooja Decor","Gifting / artifacts / tulasi pot","0","38000","","https://www.sreerasthusilvers.com/admin/products/tSKRM7IK4O7uOzbmvwXd"
"No photo","Shoot and upload: product shot, model shot, original","Handcrafted 999 Pure Silver Ashta Lakshmi Chowki on Wooden Base | Luxury Pooja & Vastu Mandir Artifact","Gifting / artifacts / tulasi pot","0","12000","","https://www.sreerasthusilvers.com/admin/products/88owGTYtx7wbZQKchlFD"
"No photo","Shoot and upload: product shot, model shot, original","Handcrafted 999 Pure Silver Radha Krishna Tulsi Vrindavan Shrine | Luxury Mandir Artifact on Wooden Base","Gifting / artifacts / tulasi pot","0","8000","","https://www.sreerasthusilvers.com/admin/products/gLd3DAEe55w82wAiMhF5"
"No photo","Shoot and upload: product shot, model shot, original","Handcrafted 999 Pure Silver Tulsi Kota (Vrindavan) Idol on Polished Wooden Base | Luxury Mandir Artifact","Gifting / artifacts / tulasi pot","0","6800","","https://www.sreerasthusilvers.com/admin/products/yunbeE3PZWcnXBtK4kQj"
"No photo","Shoot and upload: product shot, model shot, original","92.5 Pure Sterling Silver Rudraksha Bracelet | Traditional Designer Silver Bracelet for Men","Jewellery / Mens / bracelets","0","33600","","https://www.sreerasthusilvers.com/admin/products/YnMueSrouKq4ooosykfS"
"No photo","Shoot and upload: product shot, model shot, original","pendent","Jewellery / Mens / pendents","0","7500","","https://www.sreerasthusilvers.com/admin/products/30jSUpWRky76Zljt9rSr"
"No photo","Shoot and upload: product shot, model shot, original","92.5 Pure Silver Antique Gold Polish Screw bangles - Set of 2 with Goddess Lakshmi Engravings","Jewellery / Womens / BANGLES","0","37200","","https://www.sreerasthusilvers.com/admin/products/JqMbOOcGsm1KVkzKCD37"
"No photo","Shoot and upload: product shot, model shot, original","92.5 Sterling Silver Alternating Gold & Rhodium Polish Bangles","Jewellery / Womens / BANGLES","0","19800","","https://www.sreerasthusilvers.com/admin/products/w0rf1WYqmkBHz7aKytcP"
"No photo","Shoot and upload: product shot, model shot, original","Luxury  Gold Polish 92.5 Pure Silver Multi-Row Kemp Ruby Stone Bangles","Jewellery / Womens / BANGLES","0","29600","","https://www.sreerasthusilvers.com/admin/products/JOrYEpCHuP08dSQPcLKT"
"No photo","Shoot and upload: product shot, model shot, original","92.5 Pure Sterling Silver Gold Polish Multicolor Beads Mala Necklace","Jewellery / Womens / beads mala","0","18700","","https://www.sreerasthusilvers.com/admin/products/HiftPGOst04ZS3hknDLO"
"No photo","Shoot and upload: product shot, model shot, original","Classic Crimson Ruby Multi-Layered Fine Silver Festive Layering Mala","Jewellery / Womens / beads mala","0","23800","","https://www.sreerasthusilvers.com/admin/products/6yFOgdTt2i5B6fP0pPGa"
"No photo","Shoot and upload: product shot, model shot, original","92.5 Pure Silver Black Beads Mangalsutra Necklace with Blue Heart & CZ Leaf Design | Gold Polish","Jewellery / Womens / black beads","0","4200","","https://www.sreerasthusilvers.com/admin/products/PyIyVOXewWjTvSqeCNsd"
"No photo","Shoot and upload: product shot, model shot, original","Divine balaji & Red Coral Double-Strand 92.5 Sterling Silver Gold-Polished Mangalsutra","Jewellery / Womens / black beads","0","8500","","https://www.sreerasthusilvers.com/admin/products/5heLdWBeMMCXeNyyDbQT"
"No photo","Shoot and upload: product shot, model shot, original","92.5 Pure Sterling Silver Gold Polish Grand Lakshmi Bridal Haram Set | Antique Temple Jewellery with Ruby CZ Stones","Jewellery / Womens / BRIDAL SET","0","111000","","https://www.sreerasthusilvers.com/admin/products/bnslUrEnnyP9fTuVcsR4"
"No photo","Shoot and upload: product shot, model shot, original","92.5 Pure Sterling Silver Gold Polish Grand Lakshmi Bridal Necklace Set | Antique Temple Haram with Coral Beads & Peacock Motifs","Jewellery / Womens / BRIDAL SET","0","235100","","https://www.sreerasthusilvers.com/admin/products/6UxYKjaVPfistzBmMV5U"
"No photo","Shoot and upload: product shot, model shot, original","92.5 Pure Sterling Silver Gold Polish Lakshmi Bridal Jada Billa | Antique Temple Hair Accessory with Pearl Drops","Jewellery / Womens / BRIDAL SET","0","81149.97","","https://www.sreerasthusilvers.com/admin/products/Blo6EVzReQL6s6zMZM0y"
"No photo","Shoot and upload: product shot, model shot, original","92.5 Pure Silver Gold Polish Peacock Stud Earrings with CZ Stones","Jewellery / Womens / earrings","0","6100","","https://www.sreerasthusilvers.com/admin/products/48TfDoNsaWW9cirY2RF7"
"No photo","Shoot and upload: product shot, model shot, original","92.5 Pure Silver Gold-Plated Lakshmi  Clover Studs with CZ Accents","Jewellery / Womens / earrings","0","6000","","https://www.sreerasthusilvers.com/admin/products/hjyftSMsTLi0xcI1low9"
"No photo","Shoot and upload: product shot, model shot, original","decrease the size of the earrings a little bit small","Jewellery / Womens / earrings","0","6400","","https://www.sreerasthusilvers.com/admin/products/8QiGXV8MSVrQ3xIlB68P"
"No photo","Shoot and upload: product shot, model shot, original","oyal Goddess Lakshmi CZ Encrusted Chand-Style & pearl drop Earrings with Star Stud","Jewellery / Womens / earrings","0","15200","","https://www.sreerasthusilvers.com/admin/products/IIXK0lH5PnBlwbODcBC6"
"No photo","Shoot and upload: product shot, model shot, original","Blossom Branch Ear Climbers – 92.5 Pure Sterling Silver in Gold Polish","Jewellery / Womens / kaans","0","3400","","https://www.sreerasthusilvers.com/admin/products/TE35wmzhSNyxNOLsyEQF"
"No photo","Shoot and upload: product shot, model shot, original","92.5 Sterling Silver Sapphire Blue Teardrop Necklace Set with Bracelet & Ring","Jewellery / Womens / Necklace","0","19300","","https://www.sreerasthusilvers.com/admin/products/KXTukFsUokue83BSgrPQ"
"No photo","Shoot and upload: product shot, model shot, original","Elegant Single Line Emerald Green CZ Silver Gold Polish Necklace","Jewellery / Womens / Necklace","0","8500","","https://www.sreerasthusilvers.com/admin/products/VtvHpOnjuIPU5Y93CDcz"
"No photo","Shoot and upload: product shot, model shot, original","Elite Rose Gold Polish Triple-Strand Collar Kante SetPendant","Jewellery / Womens / Necklace","0","18200","","https://www.sreerasthusilvers.com/admin/products/VScJOlPGYMrs4PPDtd3Z"
"No photo","Shoot and upload: product shot, model shot, original","Heritage Round Pearl beeds necklace Set","Jewellery / Womens / Necklace","0","38300","","https://www.sreerasthusilvers.com/admin/products/uj8uShOiWRYD07QIeQBb"
"No photo","Shoot and upload: product shot, model shot, original","Divine Grace 92.5 Sterling Silver Rudraksha Pendant","Jewellery / Womens / PENDENT","0","8200","","https://www.sreerasthusilvers.com/admin/products/YEMJmCJkHEOutkDdvvHo"
"No photo","Shoot and upload: product shot, model shot, original","92.5 Pure Silver Gold-Plated Flower Pendant Set with Ruby Pink Kemp and CZ Halo","Jewellery / Womens / PENDENT SET","0","19600","","https://www.sreerasthusilvers.com/admin/products/VvAuDtBKOmAaiBRNhnqL"
"No photo","Shoot and upload: product shot, model shot, original","92.5 Pure Silver Gold-Plated Minimalist Pendant Set with Classic White CZ Halo","Jewellery / Womens / PENDENT SET","0","3300","","https://www.sreerasthusilvers.com/admin/products/8gSxrmJjqnLQfpu2n7SV"
"No photo","Shoot and upload: product shot, model shot, original","92.5 Sterling Silver Rose Gold Bow Charm Necklace Set","Jewellery / Womens / Rose Gold Necklace","0","21000","","https://www.sreerasthusilvers.com/admin/products/YW1Cwn2T7Ej9HT1onEOs"
"No photo","Shoot and upload: product shot, model shot, original","Elegant Asymmetric Peach Floral CZ Silver Mesh Choker SetElegant Asymmetric Peach Floral CZ Silver Mesh Choker Set","Jewellery / Womens / stone necklace","0","30000","","https://www.sreerasthusilvers.com/admin/products/msZctqmOy3lvQKPN9Gwv"
"No photo","Shoot and upload: product shot, model shot, original","Royal Antique Silver Gold Polish Continuous Seated Lakshmi Haram with Emerald & Ruby Kemp.","Jewellery / Womens / Temple Haram","0","32399.99","","https://www.sreerasthusilvers.com/admin/products/lmJm9ynZfGnQreGXDpFW"
"No photo","Shoot and upload: product shot, model shot, original","Antique Style 92.5 Pure Silver Gold-Plated Necklace with Kemp Stones","Jewellery / Womens / temple necklace","0","22800","","https://www.sreerasthusilvers.com/admin/products/ae2sTb1l4G1mgL0pCzkh"
"No photo","Shoot and upload: product shot, model shot, original","Classic Lakshmi Motif Silver Gold Polish Festive Necklace","Jewellery / Womens / temple necklace","0","44500","","https://www.sreerasthusilvers.com/admin/products/YUfX0pVZ6HJHOldMQaX3"
"No photo","Shoot and upload: product shot, model shot, original","Classic Motif Silver Gold Polish Festive Necklace","Jewellery / Womens / temple necklace","0","20825","","https://www.sreerasthusilvers.com/admin/products/zrCnmXXqjHhBCKafIi8q"
"No photo","Shoot and upload: product shot, model shot, original","Majestic Nakshi Peacock Silver Antique Necklace with Ruby Drops","Jewellery / Womens / temple necklace","0","70000","","https://www.sreerasthusilvers.com/admin/products/EtfYCzD6TDi9imxtV2b3"
"No photo","Shoot and upload: product shot, model shot, original","Royal Floral CZ and Ruby Silver Choker with Gold Bead Drops","Jewellery / Womens / temple necklace","0","40700","","https://www.sreerasthusilvers.com/admin/products/NaklyYp3hphy71a4rQS2"
"No photo","Shoot and upload: product shot, model shot, original","Royal Lakshmi CZ Bridal Silver Necklace with Ruby Pink Beads","Jewellery / Womens / temple necklace","0","43000","","https://www.sreerasthusilvers.com/admin/products/LKyzxFIZ2i8U7YM4j10T"
"No photo","Shoot and upload: product shot, model shot, original","Royal Peacock Motif Antique Silver Necklace with Gold Bead Drops","Jewellery / Womens / temple necklace","0","42000","","https://www.sreerasthusilvers.com/admin/products/i6gElNmGSz05J8vaVNJZ"
"No photo","Shoot and upload: product shot, model shot, original","Statement Floral and Textured Gold Ball Silver Festive Necklace","Jewellery / Womens / temple necklace","0","70600","","https://www.sreerasthusilvers.com/admin/products/24yQiux3OlOU0AcaI3cM"
"No photo","Shoot and upload: product shot, model shot, original","Silver Ganesh","Others / artifacts / pooja items","0","5500","","https://www.sreerasthusilvers.com/admin/products/UkXoVieP1k8ajoKCqIGV"
"Low resolution","Only 447x447 - replace with a full-size shot","999 Pure Silver Clad Wooden Box with Royal Elephants","Gifting / artifacts / dry fruit box","1","17500","447x447","https://www.sreerasthusilvers.com/admin/products/NSmoXgQcNyuNhHDrEzU2"
"One photo only","Add the model shot, then the original","92.5 Sterling Silver Ring with Black Enamel Inlay","Jewellery / Mens / rings","1","2500","2048x2048","https://www.sreerasthusilvers.com/admin/products/ArBF1MUpuPI8xLMZiKJd"
"One photo only","Add the model shot, then the original","Imperial Stone Cluster 92.5 Sterling Silver Statement Ring","Jewellery / Mens / rings","1","2600","2048x2048","https://www.sreerasthusilvers.com/admin/products/AJJBa6yVKPm4yI5FMFiy"
"One photo only","Add the model shot, then the original","Two-Tone Rose Gold polish 92.5 Pure Sterling Silver Geometric Clover & Disc Payal Pair","Jewellery / Womens / anklets","1","7300","2048x2048","https://www.sreerasthusilvers.com/admin/products/iZQfs3N1IkG71vOclT7E"
"One photo only","Add the model shot, then the original","Antique Gold-Plated Lakshmi & Kalash Temple Bangles with Ruby Kemp Stone","Jewellery / Womens / BANGLES","1","24050","2048x2048","https://www.sreerasthusilvers.com/admin/products/q6Ks5wU0zbYGzPOcowzi"
"One photo only","Add the model shot, then the original","92.5 Pure Silver Gold-Plated Mangalsutra Set with Pink Teardrop Stone Pendant and Earrings","Jewellery / Womens / black beads","1","6000","2048x2048","https://www.sreerasthusilvers.com/admin/products/3NVWnLnaeDVIa3dZzo95"
"One photo only","Add the model shot, then the original","92.5 Pure Silver Rose Gold Tree of Life Black Beads Mangalsutra Set with Matching Earrings","Jewellery / Womens / black beads","1","12400","2048x2048","https://www.sreerasthusilvers.com/admin/products/iVm33dIUxxEQt7zd4fOi"
"One photo only","Add the model shot, then the original","Enchanted Nature Twin-Bird Black Beads 92.5 Pure Silver Gold-polish Mangalsutra","Jewellery / Womens / black beads","1","3500","2048x2048","https://www.sreerasthusilvers.com/admin/products/YBMU0YaGciIn2Lrm1tGV"
"One photo only","Add the model shot, then the original","Shimmering Graduating Silver Globes Black Beads 92.5 Pure Silver","Jewellery / Womens / black beads","1","9300","2048x2048","https://www.sreerasthusilvers.com/admin/products/mCObLrDwpur7V9tdhasa"
"One photo only","Add the model shot, then the original","Shimmering Graduating Silver Globes Black Beads 92.5 Pure Silver","Jewellery / Womens / black beads","1","4100","2048x2048","https://www.sreerasthusilvers.com/admin/products/mTgFQYHHE9t0kKX9UT5p"
"One photo only","Add the model shot, then the original","Shimmering Pear-Cut Charm Black Beads 92.5 Pure Silver gold polish Festive Necklace","Jewellery / Womens / black beads","1","5400","2048x2048","https://www.sreerasthusilvers.com/admin/products/1Yn0HB9VuvQ4MEKm08tc"
"One photo only","Add the model shot, then the original","Royal Temple Style Emerald Bead & Pearl Cluster Hanging Jhumkis","Jewellery / Womens / earrings","1","12350","2048x2048","https://www.sreerasthusilvers.com/admin/products/YDoy9dTqIAdZ0fijj0QZ"
"One photo only","Add the model shot, then the original","92.5 Pure Silver Gold-Plated Open Heart & Halo CZ Ladies Kada | Adjustable Designer Bracelet","Jewellery / Womens / kada","1","7700","2048x2048","https://www.sreerasthusilvers.com/admin/products/kFWcRJfi1wIICF8rRxqH"
"One photo only","Add the model shot, then the original","Antique Silver Mahadev Tripundra Spear Statement Talisman Pendant","Jewellery / Womens / PENDENT","1","3100","2048x2048","https://www.sreerasthusilvers.com/admin/products/25hgTvFfQCSdsJhI7xjD"
"One photo only","Add the model shot, then the original","Classic Silver Gold Polish Nakshi Balaji Bar Pendant with Emerald & CZ Crescent Frame","Jewellery / Womens / PENDENT","1","4000","2048x2048","https://www.sreerasthusilvers.com/admin/products/D9eFcjCYYVdX9MYZweyu"
"One photo only","Add the model shot, then the original","Majestic Diamond-Cut CZ Curved Silver Gold Polish Pendant with Emerald Clusters","Jewellery / Womens / PENDENT","1","9000","2048x2048","https://www.sreerasthusilvers.com/admin/products/RxgM6kNlsLNhx0va79JR"
"One photo only","Add the model shot, then the original","Imperial Grace Oval Cut American Diamond Broad Band 925 Silver Statement Ring","Jewellery / Womens / Rings","1","3000","2048x2048","https://www.sreerasthusilvers.com/admin/products/B37hy2F8QzSks9uguah9"
"One photo only","Add the model shot, then the original","Modern Enamel Disc Necklace Set in 92.5 Sterling Silver with Rose Gold Polish","Jewellery / Womens / Rose Gold Necklace","1","10500","2048x2048","https://www.sreerasthusilvers.com/admin/products/KEK5TFwVV5BzyfchxFgk"
"One photo only","Add the model shot, then the original","Brilliant Pear-Drop CZ Silver Gold Polish Necklace","Jewellery / Womens / stone necklace","1","24700","2048x2048","https://www.sreerasthusilvers.com/admin/products/ETyq56t0EpNhVtTkRzOw"
"One photo only","Add the model shot, then the original","92.5 Pure Silver Gold Polish Haram Divine Lord Venkateshwara Gold Plated Haram","Jewellery / Womens / Temple Haram","1","18899.98","2048x2048","https://www.sreerasthusilvers.com/admin/products/odHKJs8B1tTj7CjBJfV7"
"One photo only","Add the model shot, then the original","Grand Divine Lakshmi Ghungroo Drop Silver Gold-Plated Long Haram","Jewellery / Womens / Temple Haram","1","51900","2048x2048","https://www.sreerasthusilvers.com/admin/products/ftQTppP9CuJpfkWkX3Zd"
"One photo only","Add the model shot, then the original","Divine Lakshmi CZ Silver gold polish Necklace with Emerald Green Beads","Jewellery / Womens / temple necklace","1","21550","2048x2048","https://www.sreerasthusilvers.com/admin/products/n6krItlBEGMt7dDP2Gd3"
"One photo only","Add the model shot, then the original","Royal Mayura Motif CZ Studded Long Festive Silver nacklace","Jewellery / Womens / temple necklace","1","20600","2048x2048","https://www.sreerasthusilvers.com/admin/products/HddtJhrnmyyZysTzZwh2"
"One photo only","Add the model shot, then the original","Roxerina 92.5 Sterling Silver Full Iced Out Watch – Gold Plated Pave Link Design","Jewellery / Womens / watches","1","30000","2048x2048","https://www.sreerasthusilvers.com/admin/products/tClnH2ELSk0uwEtYyTwE"
"Two photos","Add the third photo if one exists","92.5 Sterling Silver Men's Geometric Pyramid Link Bracelet with Stone Accents","Jewellery / Mens / bracelets","2","14700","2048x2048","https://www.sreerasthusilvers.com/admin/products/ssDDKuIxXT7QsTKiaNpb"
"Two photos","Add the third photo if one exists","92.5 Pure Silver Alternating Gold & Silver Polish Textured Neck Chain","Jewellery / Mens / chains","2","24800","2048x2048","https://www.sreerasthusilvers.com/admin/products/qou88Tg3ViS5bh7MgcTb"
"Two photos","Add the third photo if one exists","Royal Silver Gold Polish Lord Venkateshwara (Balaji) Puligoru Pendant","Jewellery / Mens / pendents","2","14650","2048x2048","https://www.sreerasthusilvers.com/admin/products/gNMNw3XZpTxkwZmqcLQE"
"Two photos","Add the third photo if one exists","Imperial Stone Cluster 92.5 Sterling Silver Statement Ring","Jewellery / Mens / rings","2","2600","2048x2048","https://www.sreerasthusilvers.com/admin/products/bA6mG3R6cQn4o6noCN2V"
"Two photos","Add the third photo if one exists","92.5 Pure Sterling Silver Multi-Shape Station Payal Pair","Jewellery / Womens / anklets","2","15900","2048x2048","https://www.sreerasthusilvers.com/admin/products/4ZHMsiwMjbxFE14KPBFg"
"Two photos","Add the third photo if one exists","92.5 Pure Silver Black Beads Mangalsutra Chain with CZ Diamond Pendant for Women","Jewellery / Womens / black beads","2","3600","2048x2048","https://www.sreerasthusilvers.com/admin/products/1qGkTTHhlZtpBolAZg9U"
"Two photos","Add the third photo if one exists","92.5 Pure Silver Black Beads Mangalsutra for Women | Gold Finish Pearl Bead Designer Daily Wear Mangalsutra","Jewellery / Womens / black beads","2","3600","2048x2048","https://www.sreerasthusilvers.com/admin/products/t1BRbgyTmjWjd21Z8ONM"
"Two photos","Add the third photo if one exists","92.5 Pure Silver Black Beads Mangalsutra for Women | Traditional Gold Finish Designer","Jewellery / Womens / black beads","2","3600","2048x2048","https://www.sreerasthusilvers.com/admin/products/OLSxc7UvWlTsV2GGtRZR"
"Two photos","Add the third photo if one exists","92.5 Pure Silver Designer Black Beads Mangalsutra Necklace with Heart Pendant for Women","Jewellery / Womens / black beads","2","8800","2048x2048","https://www.sreerasthusilvers.com/admin/products/JT3f22fceCc8fe4TlcXd"
"Two photos","Add the third photo if one exists","92.5 Pure Silver Rose Gold Black Beads Mangalsutra Set with Floral CZ Pendant & Matching Earrings","Jewellery / Womens / black beads","2","14800","2048x2048","https://www.sreerasthusilvers.com/admin/products/2TsMfC7UisLZR5YGHEv7"
"Two photos","Add the third photo if one exists","92.5 Pure Sterling Silver Gold-Plated Mangalsutra with Curved Crystal Circle Pendant","Jewellery / Womens / black beads","2","4000","2048x2048","https://www.sreerasthusilvers.com/admin/products/KYRfOFCupRf6iSHKBBPy"
"Two photos","Add the third photo if one exists","Divine Goddess Lakshmi Temple Pendant 92.5 Sterling Silver Gold-Polished Mangalsutra","Jewellery / Womens / black beads","2","5500","2048x2048","https://www.sreerasthusilvers.com/admin/products/TcUuYXaXDYBBfOIdvqQH"
"Two photos","Add the third photo if one exists","Shimmering Crown & Hoop Double-Circle Black Beads 92.5 Pure Silver Gold-Polished Mangalsutra","Jewellery / Womens / black beads","2","3500","2048x2048","https://www.sreerasthusilvers.com/admin/products/IiN9SB56JxUgjNQBdQDs"
"Two photos","Add the third photo if one exists","Shimmering Pear-Cut Double Layer Black Beads 92.5 Pure Silver mangalsutra","Jewellery / Womens / black beads","2","5000","2048x2048","https://www.sreerasthusilvers.com/admin/products/lJz14FgSLnMPenDcv3St"
"Two photos","Add the third photo if one exists","92.5 Pure Silver Heartbeat Heart Charm Chain Necklace","Jewellery / Womens / chains","2","1900","2048x2048","https://www.sreerasthusilvers.com/admin/products/CmOfSGyhecKVxLiCtr2u"
"Two photos","Add the third photo if one exists","Shimmering Liquid-Gold Sari Chain with Ruby & CZ peacock Side-Brooch","Jewellery / Womens / chains","2","10600","2048x2048","https://www.sreerasthusilvers.com/admin/products/YZ3NshYr1OXprTX8nTbC"
"Two photos","Add the third photo if one exists","92.5 Pure Silver Gold-Plated Clover Studs with Ruby Pink Kemp and CZ Accents","Jewellery / Womens / earrings","2","3650","2048x2048","https://www.sreerasthusilvers.com/admin/products/cTaryIpEWSBPUxf4VV1N"
"Two photos","Add the third photo if one exists","92.5 Pure Silver Gold-Plated Clover Studs with Ruby Pink Kemp and CZ Accents","Jewellery / Womens / earrings","2","4001","2048x2048","https://www.sreerasthusilvers.com/admin/products/jdbDXZLXr1h55mwlTSD9"
"Two photos","Add the third photo if one exists","92.5 Pure Sterling Silver Gold-Plated Geometric Drop Stud Earrings | CZ & Emerald Stone Designer Earrings for Women","Jewellery / Womens / earrings","2","2100","2048x2048","https://www.sreerasthusilvers.com/admin/products/OjdAPFOa1KxQ0elt0wy6"
"Two photos","Add the third photo if one exists","92.5 Pure Sterling Silver Gold-Plated Ruby CZ Jhumka Earrings | Traditional Designer Jhumkas for Women","Jewellery / Womens / earrings","2","6500","2048x2048","https://www.sreerasthusilvers.com/admin/products/qQQdmY83qAeYKLYvfE0I"
"Two photos","Add the third photo if one exists","92.5 Pure Sterling Silver Mother-of-Pearl Floral Stud Earrings | CZ & Pearl Designer Earrings for Women","Jewellery / Womens / earrings","2","3900","2048x2048","https://www.sreerasthusilvers.com/admin/products/H5eaiXyuGK7xkkbg1Rqe"
"Two photos","Add the third photo if one exists","Divine Leaf Motif Carved Nakshi Silver Jhumka Earrings","Jewellery / Womens / earrings","2","10500","2048x2048","https://www.sreerasthusilvers.com/admin/products/BoTi7Yd8YT14JycJR06k"
"Two photos","Add the third photo if one exists","Divine Teardrop Ruby Stud Nakshi Silver Jhumka Earrings","Jewellery / Womens / earrings","2","13600","2048x2048","https://www.sreerasthusilvers.com/admin/products/OxI9zm46DRcPbEvS9P5f"
"Two photos","Add the third photo if one exists","Divine Teardrop Ruby Stud Nakshi Silver Jhumka Earrings","Jewellery / Womens / earrings","2","13199.98","2048x2048","https://www.sreerasthusilvers.com/admin/products/tiGFxJ0Pl30uBnAHrq81"
"Two photos","Add the third photo if one exists","Gold Polish Twin Peacock Silver Earrings with Pearl Clusters","Jewellery / Womens / earrings","2","7100","2048x2048","https://www.sreerasthusilvers.com/admin/products/0CE04VRgLZOT9dSpf7CL"
"Two photos","Add the third photo if one exists","Heritage Antique Circular Gold Polish Studs with Emerald Green Stone","Jewellery / Womens / earrings","2","5950","2048x2048","https://www.sreerasthusilvers.com/admin/products/N4XUnrARBZsFgyQKYNNJ"
"Two photos","Add the third photo if one exists","Heritage Emerald & CZ Filigree Ear Studs with Pearl Droplets","Jewellery / Womens / earrings","2","9200","2048x2048","https://www.sreerasthusilvers.com/admin/products/GoglsZFdBTq9WbA33243"
"Two photos","Add the third photo if one exists","Pastel Royalty in Premium Rose Gold Polish","Jewellery / Womens / earrings","2","4150","2048x2048","https://www.sreerasthusilvers.com/admin/products/LzBTmH2Fazjaexduv6Vc"
"Two photos","Add the third photo if one exists","Silver Gold Polish Lakshmi Temple Earrings with CZ Frame","Jewellery / Womens / earrings","2","13400","1800x1800","https://www.sreerasthusilvers.com/admin/products/13kdOi4DKtBjpxGNV0XZ"
"Two photos","Add the third photo if one exists","The Enamel Hummingbird & Blossom Earrings ✨","Jewellery / Womens / earrings","2","4800","2048x2048","https://www.sreerasthusilvers.com/admin/products/ncdpfLXrqIwSPxBnvOgm"
"Two photos","Add the third photo if one exists","Traditional Kemp & Pearl Floral Square Tops – 92.5 Sterling Silver","Jewellery / Womens / earrings","2","6400","2048x2048","https://www.sreerasthusilvers.com/admin/products/KTfMvWGi2C3qbOacTd9O"
"Two photos","Add the third photo if one exists","Traditional Kemp & Pearl Floral Square Tops – 92.5 Sterling Silver","Jewellery / Womens / earrings","2","6400","2048x2048","https://www.sreerasthusilvers.com/admin/products/Mc2IXsJ0fNqMDEeSOTJa"
"Two photos","Add the third photo if one exists","Vintage Floral Halo Princess-Cut Zirconia Studs in 92.5 Sterling Silver","Jewellery / Womens / earrings","2","5400","2048x2048","https://www.sreerasthusilvers.com/admin/products/EqF1mDsxC6c1UASHeSEo"
"Two photos","Add the third photo if one exists","92.5 Pure Silver Gold Polish Minimalist Designer Kante Necklace | Elegant Daily Wear Silver Choker","Jewellery / Womens / kante","2","4500","2048x2048","https://www.sreerasthusilvers.com/admin/products/0HAIf8pvJBBTFFYboZWK"
"Two photos","Add the third photo if one exists","Elegant Rose Pink Stone & Pearl Floral Vine Silver Haram Set","Jewellery / Womens / Necklace","2","35100","2048x2048","https://www.sreerasthusilvers.com/admin/products/6Njdaf8akhRu6DmADaxy"
"Two photos","Add the third photo if one exists","Elegant Shell Flower Blossom Rose Gold Silver Choker Set","Jewellery / Womens / Necklace","2","10450","2048x2048","https://www.sreerasthusilvers.com/admin/products/8PsJUSliGbW9aMqF1KR9"
"Two photos","Add the third photo if one exists","Elegant Single Line CZ Infinity Scroll Chain Silver Gold-Plated necklace","Jewellery / Womens / Necklace","2","13500","2048x2048","https://www.sreerasthusilvers.com/admin/products/rib5fQLTkWvogNYxs49Y"
"Two photos","Add the third photo if one exists","Elite Rose Gold Polish Marquise CZ Leafy Vine Necklace Set","Jewellery / Womens / Necklace","2","10299.99","2048x2048","https://www.sreerasthusilvers.com/admin/products/nCrQkcSwpwBAfq0Ia32B"
"Two photos","Add the third photo if one exists","Pure Sterling Silver Gold Polish Grand Lakshmi Bridal Haram Set | Antique Temple Jewellery with Peacock Motifs & Ruby Beads","Jewellery / Womens / Necklace","2","247049.99","1536x2048","https://www.sreerasthusilvers.com/admin/products/dXnFokwzfqubmA9gIUWs"
"Two photos","Add the third photo if one exists","Shimmering Cubic Zirconia Double Step Necklace with Royal Blue Accents","Jewellery / Womens / Necklace","2","21400","2048x2048","https://www.sreerasthusilvers.com/admin/products/QBMPy1D4yijLXXHAMfEN"
"Two photos","Add the third photo if one exists","Shimmering White & Blue CZ Blossom Chain Festive Silver Necklace","Jewellery / Womens / Necklace","2","12100","2048x2048","https://www.sreerasthusilvers.com/admin/products/fHOeI3cMenYG1xNJTNbo"
"Two photos","Add the third photo if one exists","Whimsical Maroon Enamel Floral Vine Festive Rose Gold Set","Jewellery / Womens / Necklace","2","18100","2048x2048","https://www.sreerasthusilvers.com/admin/products/BwNa90YnPEvlImxwx1dL"
"Two photos","Add the third photo if one exists","Gold Polish Twin Peacock Silver Earrings with Pearl Clusters","Jewellery / Womens / PENDENT","2","20500","2048x2048","https://www.sreerasthusilvers.com/admin/products/x0WTHanEQxUbRAcSy9OJ"
"Two photos","Add the third photo if one exists","Grand Divine Lakshmi Lotus Motif Silver Mugappu silver gold polish Pendant with Ruby Accents","Jewellery / Womens / PENDENT","2","11400","2048x2048","https://www.sreerasthusilvers.com/admin/products/tNg9biDsBbifEfxhjkJa"
"Two photos","Add the third photo if one exists","Grand Imperial Emerald & Shimmering White CZ Silver Pendant","Jewellery / Womens / PENDENT","2","9800","2048x2048","https://www.sreerasthusilvers.com/admin/products/9Y5oVshSbtd4wkgzXwJT"
"Two photos","Add the third photo if one exists","Grand Imperial Emerald & Shimmering White CZ Silver Pendant","Jewellery / Womens / PENDENT","2","11350","2048x2048","https://www.sreerasthusilvers.com/admin/products/BwS8M94XrfFpFPvrVbwC"
"Two photos","Add the third photo if one exists","Majestic CZ & Ruby Chakra-Style Statement Pendant with Radiating Pearls","Jewellery / Womens / PENDENT","2","22399.98","2048x2048","https://www.sreerasthusilvers.com/admin/products/wSE2lkcod8JrUm4rNZ8f"
"Two photos","Add the third photo if one exists","Majestic Diamond-Cut CZ Encrusted Mandala Pendant with Emerald Drops","Jewellery / Womens / PENDENT","2","11399.98","2048x2048","https://www.sreerasthusilvers.com/admin/products/atRmyHyCgQzPoafz0QsR"
"Two photos","Add the third photo if one exists","Polki & CZ Encrusted Vinayaka Motif Pendant with Emerald Drops","Jewellery / Womens / PENDENT","2","16499.98","2048x2048","https://www.sreerasthusilvers.com/admin/products/wN0zCrDGQoUTSqrccicj"
"Two photos","Add the third photo if one exists","Royal Antique Silver Gold Polish Lakshmi Quad-Peacock Pendant","Jewellery / Womens / PENDENT","2","9300","2048x2048","https://www.sreerasthusilvers.com/admin/products/yVS1y16KszJDLSgpkPwc"
"Two photos","Add the third photo if one exists","Royal Antique Silver Gold Polish Lakshmi Quad-Peacock Pendant with Ruby Drops and Fluted Gold Drop","Jewellery / Womens / PENDENT","2","9600","2048x2048","https://www.sreerasthusilvers.com/admin/products/NvpZK6NLfo5f2K1GmKL9"
"Two photos","Add the third photo if one exists","Royal Silver Gold Polish Antique Two-Headed Eagle Motif Pendant with Massive CZ Solitaire","Jewellery / Womens / PENDENT","2","6200","2048x2048","https://www.sreerasthusilvers.com/admin/products/of6QYXBTSr187qVCngRd"
"Two photos","Add the third photo if one exists","Royal Silver Gold Polish Lord Venkateswara Perumal Temple Pendant with Ruby Drops","Jewellery / Womens / PENDENT","2","12800","2048x2048","https://www.sreerasthusilvers.com/admin/products/jaxWhfOVcr7OyZixwlxj"
"Two photos","Add the third photo if one exists","Solid Oxidized Silver Divine Bal Hanuman Flying Pendant","Jewellery / Womens / PENDENT","2","6899.99","2048x2048","https://www.sreerasthusilvers.com/admin/products/CLibh1UCppStMVOWQOjp"
"Two photos","Add the third photo if one exists","Solid Oxidized Silver Divine Lord Venkateswara Lakshmi Balaji Pendant","Jewellery / Womens / PENDENT","2","5200","2048x2048","https://www.sreerasthusilvers.com/admin/products/98PAkP50lNrT2mm9AKMh"
"Two photos","Add the third photo if one exists","92.5 Pure Silver Antique Gold-Plated Tassel Pendant Set with Ruby Pink Kemp and Emerald Accents","Jewellery / Womens / PENDENT SET","2","12500","2048x2048","https://www.sreerasthusilvers.com/admin/products/RPa72gp9pu4cYCH53OZ5"
"Two photos","Add the third photo if one exists","Blooming Cross Multi-Gold Polish Textured 925 Silver Statement Ring","Jewellery / Womens / Rings","2","5300","2048x2048","https://www.sreerasthusilvers.com/admin/products/Xoe0kZIhkQlHWnz0TjW0"
"Two photos","Add the third photo if one exists","Geometric Brick Pavé Flat-Top Signet Ring in 92.5 Sterling Silver","Jewellery / Womens / Rings","2","3200","2048x2048","https://www.sreerasthusilvers.com/admin/products/mheWW5QoTmOMVp5psett"
"Two photos","Add the third photo if one exists","Imperial Grand Radiant Solitaire 92.5 Pure Silver Royal Bridal Ring","Jewellery / Womens / Rings","2","3000","2048x2048","https://www.sreerasthusilvers.com/admin/products/h4Cggdwu8PLVH5cg5yuQ"
"Two photos","Add the third photo if one exists","Majestic Peacock Tail Geometric Pavé 925 Silver Architectural Ring","Jewellery / Womens / Rings","2","4100","2048x2048","https://www.sreerasthusilvers.com/admin/products/pk3d31TFdilno48CU7p0"
"Two photos","Add the third photo if one exists","Multi-Tone Rose Gold and Yellow Gold Polish 92.5 Sterling Silver Flower Blossom Ring","Jewellery / Womens / Rings","2","6700","2048x2048","https://www.sreerasthusilvers.com/admin/products/EnlWxqkpclUI85kVoKJW"
"Two photos","Add the third photo if one exists","Royal Heritage Dual-Tone Etched Blossom 92.5 Pure Silver Button Ring","Jewellery / Womens / Rings","2","2350","2048x2048","https://www.sreerasthusilvers.com/admin/products/QYQKfKNpIxu7tYDNKRDg"
"Two photos","Add the third photo if one exists","Pastel Blossom Necklace Set in 92.5 Sterling Silver with Rose Gold Polish","Jewellery / Womens / Rose Gold Necklace","2","15400","2048x2048","https://www.sreerasthusilvers.com/admin/products/jRmJIgObLoJ1vsseQQeN"
"Two photos","Add the third photo if one exists","Contemporary Rose Pink Quartz Style CZ Silver Choker Set","Jewellery / Womens / stone necklace","2","20600","2048x2048","https://www.sreerasthusilvers.com/admin/products/f2w4UuUe7jjM7tNd2cmc"
"Two photos","Add the third photo if one exists","Divine Grace in 92.5 Pure Silver Temple Jewelry","Jewellery / Womens / temple necklace","2","22800","2048x2048","https://www.sreerasthusilvers.com/admin/products/FQsXfaIBQqNNnEPAKRSR"
"Two photos","Add the third photo if one exists","Lakshmi Antique 92.5 Silver Necklace with Gold Polish, Pearls & Green Beads","Jewellery / Womens / temple necklace","2","40400","2048x2048","https://www.sreerasthusilvers.com/admin/products/XSptGChpUv5d3ihZA4fv"
"Two photos","Add the third photo if one exists","Royal Antique Silver Gold Polish Lord Krishna with Cow Temple Necklace","Jewellery / Womens / temple necklace","2","22200","2048x2048","https://www.sreerasthusilvers.com/admin/products/V1BKt7qOEz4YHo32Jj4E"
"Two photos","Add the third photo if one exists","Royal Antique Silver Gold Polish Seated Lakshmi Pendant Necklace with CZ Emerald Rosettes.","Jewellery / Womens / temple necklace","2","31200","2048x2048","https://www.sreerasthusilvers.com/admin/products/VJdg2WvPMv69ELTHwPyH"
"Two photos","Add the third photo if one exists","Royal Antique Silver Gold Polish Nakshi Dancing Peacock Vaddanam","Jewellery / Womens / vaddanam","2","129600","2048x2048","https://www.sreerasthusilvers.com/admin/products/YTEqupY6bgH1VFKLOyus"
"Two photos","Add the third photo if one exists","Royal Gajra 92.5 Silver Ethnic Luxury Jewelry Watch – Rose Gold Finish","Jewellery / Womens / watches","2","10000","2048x2048","https://www.sreerasthusilvers.com/admin/products/efIWeTAw2U4Qo7QeIwj2"
"Complete","","92.5 Pure Silver Black Stone Designer Belt Band Bracelet with Gold Accents","Jewellery / Mens / bands","4","14300","2048x2048","https://www.sreerasthusilvers.com/admin/products/KE9nhd3xetRI7LAGmwll"
"Complete","","92.5 Pure Silver Diamond-Cut Designer Belt Band Bracelet with Gold Accents","Jewellery / Mens / bands","4","11700","2048x2048","https://www.sreerasthusilvers.com/admin/products/gFbByc3HdKM6z15Dh65H"
"Complete","","92.5 Pure Silver Krishna Antique Gold Finish Stretch Bracelet","Jewellery / Mens / bands","4","3000","2048x2048","https://www.sreerasthusilvers.com/admin/products/0kBzp7eCwAHSjUlZRKI8"
"Complete","","92.5 Pure Silver Om Designer Belt Band Bracelet for Men & Women","Jewellery / Mens / bands","4","15600","2048x2048","https://www.sreerasthusilvers.com/admin/products/JUi1omst0QTD6AIviL6D"
"Complete","","92.5 Pure Silver Rose Gold Designer Belt Band Bracelet for Men | Premium CZ Stone Bracelet","Jewellery / Mens / bands","4","2800","2048x2048","https://www.sreerasthusilvers.com/admin/products/Ot9CfQvfRgxIhFsMy5D7"
"Complete","Same name as another product - check they are two different pieces","92.5 Pure Silver Royal Lion Antique Gold Finish Stretch Bracelet","Jewellery / Mens / bands","5","4500","2048x2048","https://www.sreerasthusilvers.com/admin/products/5SqFQ3GE6C6jL5Ic63ZH"
"Complete","Same name as another product - check they are two different pieces","92.5 Pure Silver Royal Lion Antique Gold Finish Stretch Bracelet","Jewellery / Mens / bands","4","3000","2048x2048","https://www.sreerasthusilvers.com/admin/products/x18sjdQj7HUuayYLGdhH"
"Complete","","92.5 Pure Silver Sparkling Heart Statement Bracelet with Magnetic Gold Clasp","Jewellery / Mens / bands","4","3000","2048x2048","https://www.sreerasthusilvers.com/admin/products/ilC7T440GTrsHLySCzQb"
"Complete","","92.5 Pure Sterling Silver Black Stone Belt Bracelet for Men","Jewellery / Mens / bands","3","21200","2048x2048","https://www.sreerasthusilvers.com/admin/products/LfEAOw721KohPVJCjXR6"
"Complete","","92.5 Pure Sterling Silver Premium Belt Bracelet with Sparkling CZ Stones for Men","Jewellery / Mens / bands","3","21300","2048x2048","https://www.sreerasthusilvers.com/admin/products/LFuzY6Y41DHMhYnVugKj"
"Complete","Same name as another product - check they are two different pieces","Divine Lord Ganesha 92.5 Silver Gold-Plated Black bracelet","Jewellery / Mens / bands","4","6000","2048x2048","https://www.sreerasthusilvers.com/admin/products/CxVF59XkUgLGXUgothrj"
"Complete","Same name as another product - check they are two different pieces","Divine Lord Ganesha 92.5 Silver Gold-Plated Black bracelet","Jewellery / Mens / bands","4","4500","2048x2048","https://www.sreerasthusilvers.com/admin/products/Z6tSOb8s7d8W0fwFp12A"
"Complete","","Divine Lord Venkateswara 92.5 Silver Gold-Plated bracelet","Jewellery / Mens / bands","4","6000","2048x2048","https://www.sreerasthusilvers.com/admin/products/KkAOVw2nnGoYqL0ft7b5"
"Complete","Same name as another product - check they are two different pieces","Shimmering Marquise Leaf Branch 92.5 Pure Silver Ear Cuffs","Jewellery / Mens / bands","3","4500","2048x2048","https://www.sreerasthusilvers.com/admin/products/Hbt8Rw6FAsxt6LgI6qn0"
"Complete","","92.5 Sterling Silver Checkerboard Micro-Pave Men's Link Bracelet","Jewellery / Mens / bracelets","3","10900","2048x2048","https://www.sreerasthusilvers.com/admin/products/bbm7UYsnh8m5GVfCpFYU"
"Complete","","92.5 Sterling Silver Dual-Tone Men's Link Bracelet with Gold Accents","Jewellery / Mens / bracelets","3","15200","2048x2048","https://www.sreerasthusilvers.com/admin/products/bkNJWiKNEsdUIutaBBnI"
"Complete","","92.5 Sterling Silver Iced Out Micro-Pave Cuban Link Bracelet","Jewellery / Mens / bracelets","3","22100","2048x2048","https://www.sreerasthusilvers.com/admin/products/plKxxxeqlU2dQStNLlIU"
"Complete","","92.5 Sterling Silver Leaping Jaguar ID Link Bracelet with Stone Borders","Jewellery / Mens / bracelets","3","15600","2048x2048","https://www.sreerasthusilvers.com/admin/products/K8RFg3XIAaRnzYvydQWb"
"Complete","","92.5 Sterling Silver Men's Alternating Bar and Watch-Link Bracelet","Jewellery / Mens / bracelets","4","8800","2048x2048","https://www.sreerasthusilvers.com/admin/products/NolVJVt66TsNYDdh2S08"
"Complete","","92.5 Sterling Silver Men's Jubilee Watch-Link Bracelet","Jewellery / Mens / bracelets","3","14500","2048x2048","https://www.sreerasthusilvers.com/admin/products/ZOeQOPQ51t7hSe9tlCAU"
"Complete","","92.5 Sterling Silver Multi-Tone Luxury Link Bracelet with Stone Accents","Jewellery / Mens / bracelets","3","20250","2048x2048","https://www.sreerasthusilvers.com/admin/products/Bww3yPesX2lJShSvlnyw"
"Complete","","92.5 Sterling Silver Multi-Tone Men's Link Bracelet","Jewellery / Mens / bracelets","3","14000","2048x2048","https://www.sreerasthusilvers.com/admin/products/vaiaBoJh5GxVmmKhIdK5"
"Complete","","92.5 Sterling Silver Multi-Tone Men's Link Bracelet – Textured Gold & Silver Mesh","Jewellery / Mens / bracelets","3","18300","2048x2048","https://www.sreerasthusilvers.com/admin/products/beCYpD1XQ717qOOSeS15"
"Complete","","Premium 92.5 Pure Silver Interlocking V-Link Bracelet - Sree Rastu Silvers","Jewellery / Mens / bracelets","3","45100","2048x2048","https://www.sreerasthusilvers.com/admin/products/mbv6eslLaV3eFIEqguQL"
"Complete","","Premium 925 Pure Silver Gold-Plated & Diamond-Cut CZ Luxury Gents Bracelet","Jewellery / Mens / bracelets","3","17350","2048x2048","https://www.sreerasthusilvers.com/admin/products/5jjd0xhr3HPMxMLcnbxM"
"Complete","","92.5 Pure Silver Alternating Gold & Silver Polish Textured Designer Statement Chain","Jewellery / Mens / chains","4","11200","2048x2048","https://www.sreerasthusilvers.com/admin/products/Cu50QlArqSDp8CwCwA95"
"Complete","","92.5 Pure Silver Gold-Plated Designer Link Chain with Fine Filigree Detailing","Jewellery / Mens / chains","3","14700","2048x2048","https://www.sreerasthusilvers.com/admin/products/PuXqbnSXU5DLLYIdsOSf"
"Complete","","92.5 Pure Silver Gold-Plated Designer Link Chain with Precision Star Cutouts","Jewellery / Mens / chains","4","16500","2048x2048","https://www.sreerasthusilvers.com/admin/products/3yYwF9Wqc7HXPlEw3MZ9"
"Complete","Same name as another product - check they are two different pieces","92.5 Pure Sterling Silver Precision Diamond-Cut Neck Chain with Premium Rhodium Finish","Jewellery / Mens / chains","4","18000","2048x2048","https://www.sreerasthusilvers.com/admin/products/DgAejGOb5quqCQ7VRqWa"
"Complete","Same name as another product - check they are two different pieces","92.5 Pure Sterling Silver Precision Diamond-Cut Neck Chain with Premium Rhodium Finish","Jewellery / Mens / chains","4","9500","2048x2048","https://www.sreerasthusilvers.com/admin/products/zMUdLOdJrTApXWNDSMRf"
"Complete","","Dual-Tone Architectural Tiered Block Link 92.5 Sterling Silver Luxury Chain","Jewellery / Mens / chains","4","28000","2048x2048","https://www.sreerasthusilvers.com/admin/products/uMUgzSfsahoQShhB6pEn"
"Complete","","Dual-Tone Geometric Pyramid 92.5 Sterling Silver Gold-Polished Chain","Jewellery / Mens / chains","5","18900","2048x2048","https://www.sreerasthusilvers.com/admin/products/rMUFmbuJhTMoPVeMSKQJ"
"Complete","","Dual-Tone Sculpted Barrel Link 92.5 Sterling Silver Gold-Polished Chain","Jewellery / Mens / chains","4","11400","2048x2048","https://www.sreerasthusilvers.com/admin/products/X1jJaB5Q5M5VYhn5xT0j"
"Complete","","Dual-Tone Textured Bullet & Barrel Link 92.5 Sterling Silver Gold-Polished Chain","Jewellery / Mens / chains","5","12000","2048x2048","https://www.sreerasthusilvers.com/admin/products/XAJjF1fboay3iSyGNJ5u"
"Complete","","Dual-Tone Textured Diamond-Cut & Fish Motif 92.5 Sterling Silver Luxury Chain","Jewellery / Mens / chains","5","21000","2048x2048","https://www.sreerasthusilvers.com/admin/products/MdOqSOH3ocl6rYilfuto"
"Complete","","Dual-Tone Textured Maze & Capsule Link 92.5 Sterling Silver Gold-Polished Chain","Jewellery / Mens / chains","5","15700","2048x2048","https://www.sreerasthusilvers.com/admin/products/beM6ZR4prdzYoalWc3tE"
"Complete","","Dual-Tone Textured Rice-Grain Weave 92.5 Sterling Silver Luxury Chain","Jewellery / Mens / chains","4","26800","2048x2048","https://www.sreerasthusilvers.com/admin/products/4dbdqWxXngDAJUSYVJ2j"
"Complete","","Luxury Double-Oval Nested Loop 92.5 Sterling Silver Gold-Polished Chain","Jewellery / Mens / chains","4","17700","2048x2048","https://www.sreerasthusilvers.com/admin/products/7iaGmS9M74Cesf1r6NMc"
"Complete","","Luxury Heavy Double Curb Cuban 92.5 Sterling Silver Gold-Polished Chain","Jewellery / Mens / chains","4","20900","2048x2048","https://www.sreerasthusilvers.com/admin/products/rMxYli647H1gbRUJkv7O"
"Complete","","Sculpted Cylinder Barrel Link 92.5 Sterling Silver High-Finish Chain","Jewellery / Mens / chains","4","11300","2048x2048","https://www.sreerasthusilvers.com/admin/products/Y93gz64PP1fl0i0k9yEl"
"Complete","Same name as another product - check they are two different pieces","92.5 Sterling Silver Ring with Black Enamel Inlay","Jewellery / Mens / rings","3","2200","2048x2048","https://www.sreerasthusilvers.com/admin/products/u1XftQ9xg2hL1OMGrGLo"
"Complete","Same name as another product - check they are two different pieces","92.5 Sterling Silver Textured Gold-Polish Multi-Band Ring","Jewellery / Mens / rings","4","4500","2048x2048","https://www.sreerasthusilvers.com/admin/products/2tfrqg49ESksOjK1JFdx"
"Complete","Same name as another product - check they are two different pieces","92.5 Sterling Silver Textured Gold-Polish Multi-Band Ring","Jewellery / Mens / rings","4","3600","2048x2048","https://www.sreerasthusilvers.com/admin/products/j85JN6HgOQO6gGFbnyvR"
"Complete","","Abstract Wave 92.5 Sterling Silver Ring with Black Enamel Inlay","Jewellery / Mens / rings","3","2250","2048x2048","https://www.sreerasthusilvers.com/admin/products/HDC9RfgmwJ8869h6WGyE"
"Complete","Same name as another product - check they are two different pieces","Classic 92.5 Sterling Silver Men's Signet Ring with Brilliant Zirconia Grid","Jewellery / Mens / rings","3","3300","2048x2048","https://www.sreerasthusilvers.com/admin/products/2xEEE4plGoJ1HerLHAeV"
"Complete","Same name as another product - check they are two different pieces","Classic 92.5 Sterling Silver Men's Signet Ring with Brilliant Zirconia Grid","Jewellery / Mens / rings","3","5500","2048x2048","https://www.sreerasthusilvers.com/admin/products/y66T4RKafSbg6OQKqxMp"
"Complete","","Elegant 92.5 Sterling Silver Gold-Plated Textured Cluster Ring","Jewellery / Mens / rings","3","5300","2048x2048","https://www.sreerasthusilvers.com/admin/products/QVNkbpGV6n0nSqCjKpYB"
"Complete","","Elegant Diamond-Frame Solitaire 92.5 Sterling Silver Gold-Plated Ring","Jewellery / Mens / rings","3","5800","2048x2048","https://www.sreerasthusilvers.com/admin/products/NgZ25OVmicMADcPNkt0x"
"Complete","Same name as another product - check they are two different pieces","Gold-Plated 92.5 Sterling Silver Men's Solitaire Signet Ring","Jewellery / Mens / rings","3","3300","2048x2048","https://www.sreerasthusilvers.com/admin/products/6TkPvcyi6gEVK9vmVc65"
"Complete","Same name as another product - check they are two different pieces","Gold-Plated 92.5 Sterling Silver Men's Solitaire Signet Ring","Jewellery / Mens / rings","3","2600","2048x2048","https://www.sreerasthusilvers.com/admin/products/yfndBG264ML4pGHV1c5h"
"Complete","","Imperial 9-Stone Cluster 92.5 Sterling Silver Statement Ring","Jewellery / Mens / rings","3","3150","2048x2048","https://www.sreerasthusilvers.com/admin/products/0NQYRHbh4HMGQ2z9B5AA"
"Complete","","Majestic 9-Stone Cluster 92.5 Sterling Silver Lattice Ring","Jewellery / Mens / rings","3","2900","2048x2048","https://www.sreerasthusilvers.com/admin/products/rUZpXPFX1o7XbU78tSjl"
"Complete","","Royal Square Cluster 92.5 Sterling Silver Gold-Plated Ring","Jewellery / Mens / rings","3","5500","2048x2048","https://www.sreerasthusilvers.com/admin/products/4CcV2a9JLA0XpGlzNGk7"
"Complete","","Timeless Three-Stone 92.5 Sterling Silver Gold-Plated Ring","Jewellery / Mens / rings","3","3400","2048x2048","https://www.sreerasthusilvers.com/admin/products/HuMlz7yeChCD5TEefoMd"
"Complete","Same name as another product - check they are two different pieces","Roxerina 92.5 Sterling Silver Full Iced Out Watch – Gold Plated Pave Link Design","Jewellery / Mens / watches","4","66000","2048x2048","https://www.sreerasthusilvers.com/admin/products/XHw3d1jUoRUOgvntTCBL"
"Complete","","92.5 Pure Silver Antique-Inspired Filigree Bead Payal Anklets Pair","Jewellery / Womens / anklets","3","8300","2048x2048","https://www.sreerasthusilvers.com/admin/products/CWqIoVc4ivxDXYo4WflH"
"Complete","","92.5 Pure Silver Cobalt Blue Evil Eye Station Chain Charms – Pair with Adjustable Slider","Jewellery / Womens / anklets","3","9900","2048x2048","https://www.sreerasthusilvers.com/admin/products/FOuj1UjqYcoHR6fTkmI4"
"Complete","Same name as another product - check they are two different pieces","92.5 Pure Silver Delicate Chain Anklets with Faceted Accent Beads","Jewellery / Womens / anklets","3","12700","2048x2048","https://www.sreerasthusilvers.com/admin/products/1VmWsViQVZNo6CSFzPwK"
"Complete","Same name as another product - check they are two different pieces","92.5 Pure Silver Delicate Chain Anklets with Faceted Accent Beads","Jewellery / Womens / anklets","3","6800","2048x2048","https://www.sreerasthusilvers.com/admin/products/uDkZ573MbEXIjzXN4sfR"
"Complete","","92.5 Pure Silver Sparkling Eye Charm Anklets with Dual-Tone Rose Gold Polish","Jewellery / Womens / anklets","3","7900","2048x2048","https://www.sreerasthusilvers.com/admin/products/5AFhm1l29MNQzVoQjYYH"
"Complete","","92.5 Pure Silver Vibrant Heart Drop Payal Pair with Pink & Green Accents","Jewellery / Womens / anklets","4","16000","2048x2048","https://www.sreerasthusilvers.com/admin/products/QRyfXuwwdZsDKWum6NBp"
"Complete","","92.5 Pure Sterling Silver Contemporary Textured Bead Payal Pair","Jewellery / Womens / anklets","3","8000","2048x2048","https://www.sreerasthusilvers.com/admin/products/pP87FoSAC2cdh6jnOhgR"
"Complete","","92.5 Pure Sterling Silver Geometric Clover Payal Pair with Elegant Rose Gold Polish","Jewellery / Womens / anklets","3","6499.93","2048x2048","https://www.sreerasthusilvers.com/admin/products/xUZyuslLRvO2fijko226"
"Complete","","92.5 Pure Sterling Silver Mixed Motif Payal Pair featuring Butterfly, Floral, & Leaf Beads","Jewellery / Womens / anklets","3","19600","2048x2048","https://www.sreerasthusilvers.com/admin/products/7Eok62JuO2CWwU1nYf7Y"
"Complete","","92.5 Pure Sterling Silver Shimmering CZ Bridal Payal Pair with Pink Accents","Jewellery / Womens / anklets","3","25600","2048x2048","https://www.sreerasthusilvers.com/admin/products/8wt09sWx17ZaTHveDLgW"
"Complete","","92.5 Pure Sterling Silver Shimmering Infinity Payal Pair with Micro-Set Accents","Jewellery / Womens / anklets","3","11850","2048x2048","https://www.sreerasthusilvers.com/admin/products/O7h2ag4UYAUi00ieUU6k"
"Complete","","92.5 Pure Sterling Silver Solitaire Square Crystal Payal Pair with Heart Drops","Jewellery / Womens / anklets","3","13200","2048x2048","https://www.sreerasthusilvers.com/admin/products/6x8Zbj3Atrw8qCG0aV3y"
"Complete","Same name as another product - check they are two different pieces","92.5 pure Sterling Silver Textured Rope-Style Payal with Minimalist Star Charms","Jewellery / Womens / anklets","3","29700","2048x2048","https://www.sreerasthusilvers.com/admin/products/YwxhLXlfUTScN98z1e3P"
"Complete","Same name as another product - check they are two different pieces","92.5 pure Sterling Silver Textured Rope-Style Payal with Minimalist Star Charms","Jewellery / Womens / anklets","3","10000","2048x2048","https://www.sreerasthusilvers.com/admin/products/sKdoluPcKHKITkhgYDkr"
"Complete","","Authentic 92.5 Pure Silver Traditional Layered Step Anklets Set","Jewellery / Womens / anklets","3","6900","2048x2048","https://www.sreerasthusilvers.com/admin/products/3DXUzTZhnqOkZ8PT9xBi"
"Complete","","Luxurious Sterling Silver Snake-Chain Anklets with CZ Encircled Gemstone Stations","Jewellery / Womens / anklets","4","23400","2048x2048","https://www.sreerasthusilvers.com/admin/products/BN0DKWQauTsVhZPpM5er"
"Complete","","Minimalist Sterling Silver Station Anklets featuring Textured Tubes & Paisley Drops","Jewellery / Womens / anklets","3","9400","2048x2048","https://www.sreerasthusilvers.com/admin/products/N75t6fgSXGE6nH7o3wWr"
"Complete","","Premium 92.5 Pure Silver Dainty Abstract Statement Anklet Set","Jewellery / Womens / anklets","3","7000","2048x2048","https://www.sreerasthusilvers.com/admin/products/7TWRHh28pAbHUHAGqLL8"
"Complete","","Premium 92.5 Pure Silver Dainty Charm Anklet Set","Jewellery / Womens / anklets","3","7300","2048x2048","https://www.sreerasthusilvers.com/admin/products/LymSDftWflj1CHEfQ395"
"Complete","","Premium 92.5 Pure Silver Dainty Clover & Ball Chain Anklet","Jewellery / Womens / anklets","4","4650","2048x2048","https://www.sreerasthusilvers.com/admin/products/3Efsaju7YJCF0m7FPQ0B"
"Complete","","Premium 92.5 Pure Silver Dainty Geometric Charm Anklet Set","Jewellery / Womens / anklets","3","7600","2048x2048","https://www.sreerasthusilvers.com/admin/products/RdDPMHEYWexhCAmPCc0x"
"Complete","","Premium 92.5 Pure Silver Dainty Patterned Bead Anklet Set","Jewellery / Womens / anklets","3","24000","2048x2048","https://www.sreerasthusilvers.com/admin/products/lWWZyhJkt0m7JvnszGUU"
"Complete","","Premium 92.5 Pure Silver Dainty Rose Gold Box Chain Charm Anklet Set","Jewellery / Womens / anklets","3","3300","2048x2048","https://www.sreerasthusilvers.com/admin/products/0FEOGIqJewTD6b0rO70V"
"Complete","","Premium 92.5 Pure Silver Dainty Rose Gold Box Chain Teardrop Anklet Set","Jewellery / Womens / anklets","3","3500","2048x2048","https://www.sreerasthusilvers.com/admin/products/s3P79Aifbg2aetHkrAp4"
"Complete","","Premium 92.5 Pure Silver Rose Gold Plated Box Chain Anklets Set","Jewellery / Womens / anklets","3","28100","2048x2048","https://www.sreerasthusilvers.com/admin/products/ReOwSODXeWljcR4WvzAV"
"Complete","","Premium 92.5 Pure Silver Traditional Stone-Studded Bridal Anklets","Jewellery / Womens / anklets","3","3900","2048x2048","https://www.sreerasthusilvers.com/admin/products/0sLwDZ4rdAxw4XRQRxBM"
"Complete","","Royal Pavé CZ Silver Anklets with Rose Pink Teardrop Drops (92.5 Pure Silver)","Jewellery / Womens / anklets","3","28800","2048x2048","https://www.sreerasthusilvers.com/admin/products/7yyvYr9wlYrTw6A4dPCc"
"Complete","","Shimmering Heart Cluster Rose Gold Silver Anklets (92.5 Pure Silver)","Jewellery / Womens / anklets","3","5200","2048x2048","https://www.sreerasthusilvers.com/admin/products/nDQMdOOvunUnPB9rVZgL"
"Complete","","Sree Rastu Silvers 92.5 Pure Silver Floral CZ Payal / Bridal Anklets","Jewellery / Womens / anklets","3","12150","2048x2048","https://www.sreerasthusilvers.com/admin/products/gHjG5OmjEK7aWiGKFCxE"
"Complete","","Sterling Silver 92.5 Sparkling Green Charm Anklets – Pair","Jewellery / Womens / anklets","3","15500","2048x2048","https://www.sreerasthusilvers.com/admin/products/Rz5kpbGZ7ZOkH0W8I3WE"
"Complete","","Whimsical Multi-Strand Silver Anklet Pair with Heart and Butterfly Charms","Jewellery / Womens / anklets","4","17300","2048x2048","https://www.sreerasthusilvers.com/admin/products/HvqWbQ6tHQcB8DJfIslj"
"Complete","","92.5 Pure Silver Floral CZ Designer Cuff Band Bracelet","Jewellery / Womens / bands","5","3000","2048x2048","https://www.sreerasthusilvers.com/admin/products/BmQBiOdHt5lEeL1gFzzQ"
"Complete","","92.5 Pure Silver Floral purple and CZ Designer Cuff Band Bracelet","Jewellery / Womens / bands","4","3000","2048x2048","https://www.sreerasthusilvers.com/admin/products/wlYcylH0M5rwvc1F1Xrz"
"Complete","","92.5 Pure Silver Grey Belt Band Bracelet for Men | Rose Gold CZ Designer Bracelet","Jewellery / Womens / bands","3","2800","2048x2048","https://www.sreerasthusilvers.com/admin/products/yyRymzT2yerhJ8mkMl4N"
"Complete","","92.5 Pure Silver Olive Green Belt Band Bracelet for Men | Rose Gold CZ Designer Bracelet","Jewellery / Womens / bands","3","2800","2048x2048","https://www.sreerasthusilvers.com/admin/products/XJ6c2QEHHf6hMRZSszjU"
"Complete","","92.5 Pure Silver Rose Gold CZ Designer Cuff Band Bracelet","Jewellery / Womens / bands","4","3000","2048x2048","https://www.sreerasthusilvers.com/admin/products/M0p5mSMLheizhCpusoMm"
"Complete","","92.5 Pure Silver Rose Gold Heart Charm Designer Cuff Band Bracelet","Jewellery / Womens / bands","4","3000","2048x2048","https://www.sreerasthusilvers.com/admin/products/dZpi2RUDFH1Vfy6aBzBP"
"Complete","","92.5 Pure Silver Antique Gold Polish Bangles - Set of 2 with Traditional Mango Motifs","Jewellery / Womens / BANGLES","3","26800","2048x2048","https://www.sreerasthusilvers.com/admin/products/8dfUiLF8mlKqrporzh4D"
"Complete","","92.5 Pure Silver Antique Gold Polish Oval Ruby Filigree Bangles","Jewellery / Womens / BANGLES","4","32000","2048x2048","https://www.sreerasthusilvers.com/admin/products/TRjsqWVeoFoUN5Yn26OG"
"Complete","","92.5 Pure Silver Antique Gold Polish Screw Kadas - Set of 2 with Goddess Lakshmi & Peacock Engravings","Jewellery / Womens / BANGLES","4","33000","2048x2048","https://www.sreerasthusilvers.com/admin/products/80qjNrNaxsocoH3kIgXq"
"Complete","","92.5 Pure Silver Gold Polish Antique Designer bangles | Intricate Floral & Beaded Work Bangle","Jewellery / Womens / BANGLES","3","26199.96","2048x2048","https://www.sreerasthusilvers.com/admin/products/j6Kys8vDWozZYXK4T9Gx"
"Complete","","92.5 Pure Silver Gold Polish Antique Designer bangles | Intricate Paisley & Ruby Stone Work","Jewellery / Womens / BANGLES","4","34200","2048x2048","https://www.sreerasthusilvers.com/admin/products/zUzHU6qevIZ6B9THRNzl"
"Complete","","92.5 Pure Silver Gold Polish Antique Designer Kada | Intricate Floral Work & Ruby Stone Bangle","Jewellery / Womens / BANGLES","4","31850","2048x2048","https://www.sreerasthusilvers.com/admin/products/NZ5Ce0gjeknxurGz0DyH"
"Complete","","92.5 Pure Silver Gold Polish Antique Lakshmi Kada bangles | Traditional Temple Design with Ruby Stones","Jewellery / Womens / BANGLES","3","29700","2048x2048","https://www.sreerasthusilvers.com/admin/products/MHNo749y7SaqRiopH87h"
"Complete","","92.5 Pure Silver Gold Polish Bangles - Set of 2 Openwork Marquis Link Navaratna bangles Set","Jewellery / Womens / BANGLES","4","14200","2048x2048","https://www.sreerasthusilvers.com/admin/products/fqk02O0GrAhv6VDHorOA"
"Complete","","92.5 Pure Silver Gold Polish Designer bangles | Traditional Leaf Pattern with Ruby & Black Stone Work","Jewellery / Womens / BANGLES","4","23750","2048x2048","https://www.sreerasthusilvers.com/admin/products/OmHEySzUOFwg3CjM6kh6"
"Complete","","92.5 Pure Silver Gold Polish Slim Bangles - Pair of 2 with Repeating Pinwheel Texture","Jewellery / Womens / BANGLES","4","18700","2048x2048","https://www.sreerasthusilvers.com/admin/products/6LTVG95mTIgzyACSwRaM"
"Complete","","92.5 Pure Silver Gold-Plated Emerald & CZ Openwork Royal Bangles","Jewellery / Womens / BANGLES","4","31500","2048x2048","https://www.sreerasthusilvers.com/admin/products/dhsX3pAo7krXMn2UVZRT"
"Complete","Same name as another product - check they are two different pieces","92.5 Pure Silver Gold-Plated Royal Ruby Floral Bangles","Jewellery / Womens / BANGLES","4","13700","2048x2048","https://www.sreerasthusilvers.com/admin/products/AkoNe60Iuq1SGx9s2nw6"
"Complete","Same name as another product - check they are two different pieces","92.5 Pure Silver Gold-Plated Royal Ruby Floral Bangles","Jewellery / Womens / BANGLES","3","19200","2048x2048","https://www.sreerasthusilvers.com/admin/products/v2Aifc0YDAAIh96inghn"
"Complete","","92.5 Pure Silver Rhodium-Finish Royal Ruby & Emerald Bangles","Jewellery / Womens / BANGLES","4","30300","2048x2048","https://www.sreerasthusilvers.com/admin/products/RInGC0mBJhzkglTjZ9px"
"Complete","","92.5 Pure Silver Rose Gold Bangles with American Diamond Floral Accents - Set of 2","Jewellery / Womens / BANGLES","4","45600","2048x2048","https://www.sreerasthusilvers.com/admin/products/vYyS8Tdmk8w0aLZjdnPP"
"Complete","","92.5 Pure Sterling Silver Gold Polish Bangles | Two-Tone Honeycomb Design","Jewellery / Womens / BANGLES","5","21500","2048x2048","https://www.sreerasthusilvers.com/admin/products/0Lzg8ndJtIHpla8K5EqN"
"Complete","","92.5 Pure Sterling Silver Gold Polish Bangles with Sparkling American Diamonds","Jewellery / Womens / BANGLES","3","15800","2048x2048","https://www.sreerasthusilvers.com/admin/products/cCdB6eXUoYZjROCimUzy"
"Complete","","92.5 Sterling Silver Gold Polish Square-Cut Emerald Tennis Bangles","Jewellery / Womens / BANGLES","4","26500","2048x2048","https://www.sreerasthusilvers.com/admin/products/wvEvi1zHA6EBd7YtNHMJ"
"Complete","","92.5 Sterling Silver Platinum Finish Eternal Tennis Bracelets","Jewellery / Womens / BANGLES","3","14000","2048x2048","https://www.sreerasthusilvers.com/admin/products/zwx0gH0zzfluhWVEIdSK"
"Complete","","Antique Gold-Plated Ashta Lakshmi Nakshi Temple Bangles with Emerald Green Accents","Jewellery / Womens / BANGLES","4","21350","2048x2048","https://www.sreerasthusilvers.com/admin/products/jfxhGGF9kQrHFu9Ymfjy"
"Complete","","Antique Gold-Plated Ashta Lakshmi Temple Bangles with Kemp Stone Accents","Jewellery / Womens / BANGLES","5","22750","2048x2048","https://www.sreerasthusilvers.com/admin/products/KK7vsYfPOlEBOek4Yjo9"
"Complete","","Antique Gold-Plated Botanical Leaf Filigree Bangles with Ruby Kemp Accents","Jewellery / Womens / BANGLES","3","23650","2048x2048","https://www.sreerasthusilvers.com/admin/products/0nwNyEDUk8k1Bx5QswkO"
"Complete","","Antique Gold-Plated Lakshmi & Floral Temple Bangles with Kemp Stones","Jewellery / Womens / BANGLES","4","21800","2048x2048","https://www.sreerasthusilvers.com/admin/products/Ld15UYuuEvdqJqbpsP8L"
"Complete","","Antique Gold-Plated Lakshmi & Kalash Temple Bangles with Pearl Beading","Jewellery / Womens / BANGLES","4","30600","2048x2048","https://www.sreerasthusilvers.com/admin/products/sL02Z1pCsibcTwk66UZo"
"Complete","Same name as another product - check they are two different pieces","Detailed 92.5 Sterling Silver Rose Gold Polish CZ Filigree Bangles","Jewellery / Womens / BANGLES","4","17400","2048x2048","https://www.sreerasthusilvers.com/admin/products/4uEYvRiot5YWytOnjzKo"
"Complete","Same name as another product - check they are two different pieces","Detailed 92.5 Sterling Silver Rose Gold Polish CZ Filigree Bangles","Jewellery / Womens / BANGLES","4","34200","2048x2048","https://www.sreerasthusilvers.com/admin/products/DRDKbOWNSCV4AjtPWi0P"
"Complete","Same name as another product - check they are two different pieces","Detailed 92.5 Sterling Silver Rose Gold Polish CZ Filigree Bangles","Jewellery / Womens / BANGLES","4","34200","2048x2048","https://www.sreerasthusilvers.com/admin/products/RLV9QZDamc1xKHkbPIox"
"Complete","","Golden Radiance: 92.5 Pure Silver 22k Gold Polished Textured Bangles","Jewellery / Womens / BANGLES","4","14500","2048x2048","https://www.sreerasthusilvers.com/admin/products/VqKHAOrELNjJ46kSxpQ1"
"Complete","","Golden Radiance: 92.5 Pure Silver Gold Polish Slim Bangles - Pair of 2 with Matte Lining & High-Shine Motifs","Jewellery / Womens / BANGLES","4","12800","2048x2048","https://www.sreerasthusilvers.com/admin/products/eKukLl2D0doUirqkAASj"
"Complete","","Handcrafted 92.5 Pure Silver Nakashi Antique Bangles with Ruby & Emerald Accents","Jewellery / Womens / BANGLES","5","19900","2048x2048","https://www.sreerasthusilvers.com/admin/products/MnZThgKGdR32ejTmOxqG"
"Complete","","Handcrafted 92.5 Pure Silver Temple Jewelry Laxmi Kasula Bangles","Jewellery / Womens / BANGLES","4","24700","2048x2048","https://www.sreerasthusilvers.com/admin/products/BkNVxDe6xM7ryypjX269"
"Complete","","Handcrafted 92.5 Silver Sparkling Diamond-Cut Cubic Zirconia Bangles with Secure Clasp","Jewellery / Womens / BANGLES","4","17000","2048x2048","https://www.sreerasthusilvers.com/admin/products/7K037ZeNgWgOLp5gVDU7"
"Complete","Same name as another product - check they are two different pieces","Handcrafted 92.5 Sterling Silver Geometric Emerald Glass & White Stone Bangles","Jewellery / Womens / BANGLES","4","11000","2048x2048","https://www.sreerasthusilvers.com/admin/products/9osHr5t4c6LrFYpWKRNI"
"Complete","Same name as another product - check they are two different pieces","Handcrafted 92.5 Sterling Silver Geometric Emerald Glass & White Stone Bangles","Jewellery / Womens / BANGLES","3","11200","2048x2048","https://www.sreerasthusilvers.com/admin/products/UMdEEnw4p7Isc56Kfz8n"
"Complete","","Handcrafted 92.5 Sterling Silver Gold Polish Divine Peacock Kemp Bangle Set","Jewellery / Womens / BANGLES","3","22700","2048x2048","https://www.sreerasthusilvers.com/admin/products/dpzTtJHVSxhlRFpB7FKh"
"Complete","","Handcrafted Pure Silver Slim Gold-Plated Laser-Cut Textured Bangles","Jewellery / Womens / BANGLES","4","13600","2048x2048","https://www.sreerasthusilvers.com/admin/products/3MaxTReW47FYf5is0fSQ"
"Complete","","Luxury  Gold Polish 92.5 Pure Silver Sparkling Zircon Bangles – Timeless Ethnic Wear","Jewellery / Womens / BANGLES","4","20500","2048x2048","https://www.sreerasthusilvers.com/admin/products/3oXYUxKt629Ez1xeXGOO"
"Complete","","Smooth High-Shine 92.5 Sterling Silver 22k Gold Polish Bangles","Jewellery / Womens / BANGLES","4","14500","2048x2048","https://www.sreerasthusilvers.com/admin/products/QpmZcBn9iZfqgqFqMhV0"
"Complete","","Classic Dark Blue Multi-Layered Fine Silver Festive Mala with Pearl Accents","Jewellery / Womens / beads mala","4","18900","2048x2048","https://www.sreerasthusilvers.com/admin/products/HJa78CWKCIMk985a7Swc"
"Complete","","Classic Deep Emerald Green Multi-Line Fine Silver Layering Mala","Jewellery / Womens / beads mala","4","12400","2048x2048","https://www.sreerasthusilvers.com/admin/products/Impk9RV39S20cLAs3BPY"
"Complete","","Classic Emerald Green & Luminous Pearl Multi-Layered Fine Silver Festive Mala","Jewellery / Womens / beads mala","4","18900","2048x2048","https://www.sreerasthusilvers.com/admin/products/hsOtu44zlqA6lhCsBn2s"
"Complete","","Classic Emerald Green Multi-Layered Silver Festive Mala with Pearl Accents","Jewellery / Womens / beads mala","4","19099.97","2048x2048","https://www.sreerasthusilvers.com/admin/products/FdEvuJcO5jg2QBsPZ1Og"
"Complete","","Classic Luminous White Pearl Multi-Line Fine Silver Layering Mala","Jewellery / Womens / beads mala","4","16300","2048x2048","https://www.sreerasthusilvers.com/admin/products/Ekmq4NLgkXZIVXO5qeNu"
"Complete","","Classic Red Coral Cylinder & White Seed Bead Long Layered Silver Mala","Jewellery / Womens / beads mala","4","16300","2048x2048","https://www.sreerasthusilvers.com/admin/products/5vhrOQeHl394SuVzJPxx"
"Complete","","Classic Ruby Pink & White Pearl Bead Long Layered Silver Mala","Jewellery / Womens / beads mala","5","16000","2048x2048","https://www.sreerasthusilvers.com/admin/products/hayYlbE7dkc5A15srIdF"
"Complete","","Divine Antique Gold-Plated Lakshmi Temple Motif Long Haram","Jewellery / Womens / beads mala","4","17400","2048x2048","https://www.sreerasthusilvers.com/admin/products/iKpEr9TCT1ZYXmh7Pg0c"
"Complete","Same name as another product - check they are two different pieces","Grand Layered Pearl Mala with Antique Gold-Plated Silver Spacer Beads","Jewellery / Womens / beads mala","4","29300","2048x2048","https://www.sreerasthusilvers.com/admin/products/LUqfQkarZZYTu7xpgaNc"
"Complete","Same name as another product - check they are two different pieces","Grand Layered Pearl Mala with Antique Gold-Plated Silver Spacer Beads","Jewellery / Womens / beads mala","4","34499.98","2048x2048","https://www.sreerasthusilvers.com/admin/products/icevyox1GaqLzg8sBduV"
"Complete","","Grand Layered Sapphire Blue Bead Mala with Antique Gold-Plated Nakshi Accents","Jewellery / Womens / beads mala","4","27300","2048x2048","https://www.sreerasthusilvers.com/admin/products/CYYjBcC7mcVIXCu1vDyq"
"Complete","","Minimalist Three-Line Emerald Faceted Bead Haram in Gold Polish","Jewellery / Womens / beads mala","5","11700","2048x2048","https://www.sreerasthusilvers.com/admin/products/H3vtI6888q9ozE96wKrA"
"Complete","","Royal Mixed Gemstone Faceted Bead Haram with Antique Nakshi Spacers","Jewellery / Womens / beads mala","4","21000","2048x2048","https://www.sreerasthusilvers.com/admin/products/Wq5c5UB63CvGMaGbbzai"
"Complete","","Royal Pastel Green Faceted Bead Haram with Antique Gold-Plated Statement Beads","Jewellery / Womens / beads mala","4","16899.98","2048x2048","https://www.sreerasthusilvers.com/admin/products/MkfivnejzB5bpWOQca8R"
"Complete","","Royal Pearl Guttapusalu Style Haram with Antique Gold Plated Silver Spacers","Jewellery / Womens / beads mala","4","9000","2048x2048","https://www.sreerasthusilvers.com/admin/products/VvOYB4WdNcQ0V1iWfIsB"
"Complete","","Royal Ruby Faceted Bead Haram with Antique Gold-Plated Spacer Pearls","Jewellery / Womens / beads mala","4","25000","2048x2048","https://www.sreerasthusilvers.com/admin/products/svj1hXtoVotIfNJMk0S4"
"Complete","","Heritage Multi-Strand Purple & Pearl Bead Mala with Nakshi Peacock Beads","Jewellery / Womens / beeds mala","3","16000","2048x2048","https://www.sreerasthusilvers.com/admin/products/38eh8Y6EgDxDFowwiEIl"
"Complete","","92.5 Pure Silver Black Beads Mangalsutra Necklace for Women | Crescent Moon CZ Designer Daily Wear Mangalsutra","Jewellery / Womens / black beads","3","6500","2048x2048","https://www.sreerasthusilvers.com/admin/products/nkLosPWX0VS6lqZJ9TGt"
"Complete","","92.5 Pure Silver Black Beads Mangalsutra Necklace for Women | Elegant CZ Designer Daily Wear Mangalsutra","Jewellery / Womens / black beads","3","5600","2048x2048","https://www.sreerasthusilvers.com/admin/products/IMtSbRKG4E5FtPiqT1to"
"Complete","","92.5 Pure Silver Black Beads Mangalsutra Necklace for Women | Ruby Drop Gold Finish Designer Mangalsutra","Jewellery / Womens / black beads","3","5000","2048x2048","https://www.sreerasthusilvers.com/admin/products/IzyFSTXhz8gCopP8YpZQ"
"Complete","","92.5 Pure Silver Black Beads Mangalsutra Set with Floral Enamel Pendant & Matching Earrings | Gold Polish","Jewellery / Womens / black beads","3","15300","2048x2048","https://www.sreerasthusilvers.com/admin/products/GOJZ0efviRa8OQrZPAco"
"Complete","","92.5 Pure Silver Gold-Plated Fringe Mangalsutra with Hanging Yellow Stones","Jewellery / Womens / black beads","3","5400","2048x2048","https://www.sreerasthusilvers.com/admin/products/0ef5NCQqQtmQaiDuSgLD"
"Complete","","92.5 Pure Silver Gold-Plated Mangalsutra Necklace with Textured Metal Beads","Jewellery / Womens / black beads","3","3700","2048x2048","https://www.sreerasthusilvers.com/admin/products/ZNqeJybHKFYfGWCJTOff"
"Complete","","92.5 Pure Silver Gold-Plated Mangalsutra Set with Ruby Pink Stone Pendant and Earrings","Jewellery / Womens / black beads","3","6300","2048x2048","https://www.sreerasthusilvers.com/admin/products/OM1Oj5Dd8xVyBp8tGQtO"
"Complete","Same name as another product - check they are two different pieces","92.5 Pure Silver Rose Gold Black Beads Mangalsutra Set with Floral CZ Pendant & Matching Earrings","Jewellery / Womens / black beads","3","17000","2048x2048","https://www.sreerasthusilvers.com/admin/products/T1pmgVy9iAsdaQZqvMnT"
"Complete","","92.5 Pure Silver Rose Gold Black Beads Mangalsutra Set with Geometric Pendant & Matching Earrings","Jewellery / Womens / black beads","4","12900","2048x2048","https://www.sreerasthusilvers.com/admin/products/nurrv46585aDnhVo956Y"
"Complete","","92.5 Pure Sterling Silver Gold-Plated Mangalsutra Chain with Open Rectangular Pendant and Pearls","Jewellery / Womens / black beads","3","2900","2048x2048","https://www.sreerasthusilvers.com/admin/products/Bd6kJQ1vXAlWv1yacX5j"
"Complete","","92.5 Pure Sterling Silver Gold-Plated Mangalsutra with Three-Stone Heart Pendant","Jewellery / Womens / black beads","3","4900","2048x2048","https://www.sreerasthusilvers.com/admin/products/BVKgmyoI1CPR7N50kjmc"
"Complete","","92.5 Pure Sterling Silver Mangalsutra Chain with White Crystal Bar Pendant","Jewellery / Womens / black beads","3","2750","2048x2048","https://www.sreerasthusilvers.com/admin/products/QCVmch87oC0eQn8jDvzK"
"Complete","","Antique Lakshmi Motif Double Layer Black Beads 92.5 Pure Silver Festive Necklace","Jewellery / Womens / black beads","3","8200","2048x2048","https://www.sreerasthusilvers.com/admin/products/EFuS0pPi2I0zbEFsH4tS"
"Complete","","Emerald Green Teardrop Garland 92.5 Sterling Silver Gold-Polished Mangalsutra","Jewellery / Womens / black beads","5","4500","2048x2048","https://www.sreerasthusilvers.com/admin/products/1T0YKSLcC2WiR3lexBWE"
"Complete","","Enchanted Butterfly Multi-Color 92.5 Sterling Silver Gold-Polished Mangalsutra","Jewellery / Womens / black beads","3","6000","2048x2048","https://www.sreerasthusilvers.com/admin/products/HzfVB64a3Q2AT8jGpXCB"
"Complete","","shimmering Double-Strand Crystal Teardrop 92.5 Pure Silver Multi-Layer mangalsutra","Jewellery / Womens / black beads","3","4100","2048x2048","https://www.sreerasthusilvers.com/admin/products/JeziUPRJMRxgtBr7rXvW"
"Complete","","Shimmering Heart & Oval Crystal Black Beads 92.5 Pure Silver","Jewellery / Womens / black beads","4","6100","2048x2048","https://www.sreerasthusilvers.com/admin/products/aBnyNUC2CSqUs4X6Ir05"
"Complete","","Shimmering Twin-Heart ""Love"" Black Beads 92.5 Pure Silver Necklace","Jewellery / Womens / black beads","3","4900","2048x2048","https://www.sreerasthusilvers.com/admin/products/YZXPK5xJgFkg9YJ33VaQ"
"Complete","","Sunburst CZ Floral Pendant 92.5 Sterling Silver Gold-polish Mangalsutra","Jewellery / Womens / black beads","3","4400","2048x2048","https://www.sreerasthusilvers.com/admin/products/y1YvTxt75X4h1Mkz7XAS"
"Complete","","Vibrant Coral-Red Oval Garland 92.5 Sterling Silver Gold-Polished Mangalsutra","Jewellery / Womens / black beads","3","4900","2048x2048","https://www.sreerasthusilvers.com/admin/products/HWvsqUm4CL2huKnLYI2Y"
"Complete","","92.5 Sterling Silver Rose Gold Plated Micro-Pave  heart Bracelet","Jewellery / Womens / bracelets","4","6400","2048x2048","https://www.sreerasthusilvers.com/admin/products/WecLaCQSIGqHzvFAZU0n"
"Complete","","92.5 Sterling Silver Rose Gold Plated Micro-Pave Butterfly Bracelet","Jewellery / Womens / bracelets","3","5000","2048x2048","https://www.sreerasthusilvers.com/admin/products/dzVvf9tLiRtudpUEhpgG"
"Complete","","92.5 Sterling Silver Rose Gold Plated Paisley Solitaire Bracelet","Jewellery / Womens / bracelets","3","6750","2048x2048","https://www.sreerasthusilvers.com/admin/products/QNaFT40MqAUkUpY35RKd"
"Complete","","92.5 Sterling Silver Triple-Row  Bracelet – Ruby & White Stone Rose Gold Edition","Jewellery / Womens / bracelets","4","24100","2048x2048","https://www.sreerasthusilvers.com/admin/products/r6LjkIbp6ZsHHWIvUDHi"
"Complete","","92.5 Sterling Silver Triple-Row Zirconia Gents Bracelet – Rose Gold Finish","Jewellery / Womens / bracelets","4","19400","2048x2048","https://www.sreerasthusilvers.com/admin/products/rSpV6ukWrcMOxifCOc5a"
"Complete","Same name as another product - check they are two different pieces","Premium 925 Pure Silver Rose Gold Mesh Band Bracelet with Shimmering Butterflies","Jewellery / Womens / bracelets","5","7600","2048x2048","https://www.sreerasthusilvers.com/admin/products/PR5fh9JDV6m04I3IQZwB"
"Complete","Same name as another product - check they are two different pieces","Premium 925 Pure Silver Rose Gold Mesh Band Bracelet with Shimmering Butterflies","Jewellery / Womens / bracelets","5","7600","2048x2048","https://www.sreerasthusilvers.com/admin/products/Zru8eKMffPKaem18Z9Ss"
"Complete","Same name as another product - check they are two different pieces","92.5 Pure Silver Butterfly Charm Drop Chain Necklace","Jewellery / Womens / chains","4","1700","2048x2048","https://www.sreerasthusilvers.com/admin/products/K2AJOXbcLyuFt7w6kjgA"
"Complete","Same name as another product - check they are two different pieces","92.5 Pure Silver Butterfly Charm Drop Chain Necklace","Jewellery / Womens / chains","4","1900","2048x2048","https://www.sreerasthusilvers.com/admin/products/zYi5cyWGlBMy1hW1nIdV"
"Complete","","92.5 Pure Silver Dual Leaf Pendant Charm Chain","Jewellery / Womens / chains","4","2900","2752x1536","https://www.sreerasthusilvers.com/admin/products/O6rFY0BLKAOVAUV455dy"
"Complete","","92.5 Pure Silver Floral Purple Stone Charm Chain with Gold Finish | Elegant Pendant Necklace for Women","Jewellery / Womens / chains","4","3000","2048x2048","https://www.sreerasthusilvers.com/admin/products/gV7ilPE3Yiiy9Wbwo1fC"
"Complete","","92.5 Pure Silver Heart Lock & Key Charm Chain","Jewellery / Womens / chains","3","4001","2048x2048","https://www.sreerasthusilvers.com/admin/products/zQW7W9nqCHmBoKKfct8v"
"Complete","","92.5 Pure Silver LOVE Heart Charm Drop Chain Necklace","Jewellery / Womens / chains","3","2600","2048x2048","https://www.sreerasthusilvers.com/admin/products/DuVcXcWsa9vIwe58KyuN"
"Complete","","92.5 Pure Silver Premium Braided Charm Chain Necklace for Women","Jewellery / Womens / chains","4","6000","2048x2048","https://www.sreerasthusilvers.com/admin/products/GNa71Sgl4UdlbYRz5PjN"
"Complete","","92.5 Pure Silver Rose Gold Charm Chain with Celestial & Lucky Charms for Women","Jewellery / Womens / chains","4","2599.99","2048x2048","https://www.sreerasthusilvers.com/admin/products/LCavsoz6vENcJoeMyFam"
"Complete","","92.5 Pure Silver Rose Gold Heart Charm Station Chain","Jewellery / Womens / chains","4","2400","2048x2048","https://www.sreerasthusilvers.com/admin/products/9OS5xHVL1Jd1q5wQdT54"
"Complete","","92.5 Pure Sterling Silver Gold-Plated Traditional Mugappu Neck Chain for Women","Jewellery / Womens / chains","4","12700","2048x2048","https://www.sreerasthusilvers.com/admin/products/ECW8SpEWNEOcBqK2Fmmk"
"Complete","","92.5 Pure Sterling Silver Rose Gold Pendant Charm Chain with Matching Earrings","Jewellery / Womens / chains","3","4200","2048x2048","https://www.sreerasthusilvers.com/admin/products/cqpYgzpkPxCR579DZTX2"
"Complete","","92.5 Sterling Silver Celestial Heart Multi-Charm Necklace","Jewellery / Womens / chains","4","7900","2048x2048","https://www.sreerasthusilvers.com/admin/products/CQ1HLhJBf3N9RUe8Bczb"
"Complete","","92.5 Sterling Silver Cosmic Multi-Charm Drop Necklace","Jewellery / Womens / chains","4","2500","2048x2048","https://www.sreerasthusilvers.com/admin/products/KWOqvt2GwMgUOZfltBVD"
"Complete","","92.5 Sterling Silver Floral Charm Pendant Chain & Earrings Set","Jewellery / Womens / chains","4","8249.98","2048x2048","https://www.sreerasthusilvers.com/admin/products/y18cnZDD0yuaJQEzXqS3"
"Complete","","92.5 Sterling Silver Rose Gold Plated Multi-Charm Heart Necklace","Jewellery / Womens / chains","3","2400","2048x2048","https://www.sreerasthusilvers.com/admin/products/MJMUhzQwyf8N7oNgLTAq"
"Complete","","92.5 Sterling Silver Rose Gold Plated White Enamel Flower Bracelet","Jewellery / Womens / chains","3","2200","2048x2048","https://www.sreerasthusilvers.com/admin/products/r61se06vMvKvqeB8pRUY"
"Complete","Same name as another product - check they are two different pieces","92.5 Sterling Silver Rose Gold Plating Crown Multi-Charm Necklace","Jewellery / Womens / chains","3","2400","2048x2048","https://www.sreerasthusilvers.com/admin/products/XdOReUv9RuvHsrLSffrd"
"Complete","Same name as another product - check they are two different pieces","92.5 Sterling Silver Rose Gold Plating Crown Multi-Charm Necklace","Jewellery / Womens / chains","3","2800","2048x2048","https://www.sreerasthusilvers.com/admin/products/l5KAL7bfpsKrQCPlYNsn"
"Complete","","Blooming Pavé Floral Blossom 92.5 Sterling Silver Rose Gold Chain","Jewellery / Womens / chains","3","3099.98","2048x2048","https://www.sreerasthusilvers.com/admin/products/EaMWfnLD15iX7fQgY0nN"
"Complete","","Classic Heavy Four-Sided Chevron 92.5 Pure Silver Statement Chain","Jewellery / Womens / chains","3","18800","2048x2048","https://www.sreerasthusilvers.com/admin/products/zKIX3lcU9CFM6k3FZqKN"
"Complete","","Classic Heavy Rounded Textured Box 92.5 Pure Silver Statement Chain","Jewellery / Womens / chains","4","26400","2048x2048","https://www.sreerasthusilvers.com/admin/products/vooOJomOih2rDNPrlh0q"
"Complete","","Enchanted Butterfly Crystal Drop 92.5 Sterling Silver Rose Gold Chain","Jewellery / Womens / chains","4","3600","2048x2048","https://www.sreerasthusilvers.com/admin/products/yKkr5x2lv7W3lh5QOUnH"
"Complete","","Enchanted Snowflake Open Heart 92.5 Sterling Silver Rose Gold Chain","Jewellery / Womens / chains","4","3099.98","2048x2048","https://www.sreerasthusilvers.com/admin/products/Wt7TUYGK0Dzo3wT5hsS4"
"Complete","","Enchanted Twin Leaf Shimmering 92.5 Sterling Silver Luxury Pendant Chain","Jewellery / Womens / chains","4","2800","2048x2048","https://www.sreerasthusilvers.com/admin/products/OIUi2hlUVLyoMGvD54h9"
"Complete","","Luxury Baguette-Cut CZ Geometric Wave 92.5 Sterling Silver Rose Gold Chain","Jewellery / Womens / chains","4","1650","2048x2048","https://www.sreerasthusilvers.com/admin/products/QEPH5AyzcadbjZFmwlgv"
"Complete","","92.5 Pure Silver  Flower Studs with Carved Pastel Blossom, CZ Halo, and Pearl Drops","Jewellery / Womens / earrings","3","4950","2048x2048","https://www.sreerasthusilvers.com/admin/products/IIYztznqkvzypqlx25t0"
"Complete","","92.5 Pure Silver Antique Gold-Plated Lakshmi Earrings with Emerald Green Beads and Ruby Accents","Jewellery / Womens / earrings","3","5450","2048x2048","https://www.sreerasthusilvers.com/admin/products/L6AmlBrgmvEPp7N829qV"
"Complete","","92.5 Pure Silver Antique Gold-Plated Laxmi Kasu Drops with CZ Peacock Studs","Jewellery / Womens / earrings","3","3700","2048x2048","https://www.sreerasthusilvers.com/admin/products/Rjk6rPO29qItc88v0hE6"
"Complete","","92.5 Pure Silver Antique Gold-Plated Round Studs with Kemp Ruby Accents","Jewellery / Womens / earrings","3","3799.98","2048x2048","https://www.sreerasthusilvers.com/admin/products/vrqJyOabYqKZ2rDdOQf5"
"Complete","","92.5 Pure Silver Antique Gold-Plated Round Studs with Ruby and Emerald Kemp Stones","Jewellery / Womens / earrings","3","9400","2048x2048","https://www.sreerasthusilvers.com/admin/products/HLpQnfvtgkKyMwTlEPAt"
"Complete","","92.5 Pure Silver Antique Gold-Plating Ram Parivar Kasu Drops with Peacock Studs","Jewellery / Womens / earrings","3","4100","2048x2048","https://www.sreerasthusilvers.com/admin/products/29mWCqzEYMDdd4HJf9z0"
"Complete","","92.5 Pure Silver Bell Drop Earrings – Handcrafted Oxidized Designer Danglers","Jewellery / Womens / earrings","3","7750","2048x2048","https://www.sreerasthusilvers.com/admin/products/Rh9ltbb2gB3EEqqqLvsG"
"Complete","","92.5 Pure Silver Flower Studs with Pastel Pink Carved Blossom, Green Enamel Leaves, and Pearls","Jewellery / Womens / earrings","4","10000","2048x2048","https://www.sreerasthusilvers.com/admin/products/0SiHet5erPcIURytzlol"
"Complete","","92.5 Pure Silver Gold-Plated Curved Leaf Studs with Shimmering CZ Accent Stones","Jewellery / Womens / earrings","3","5400","2048x2048","https://www.sreerasthusilvers.com/admin/products/M71Nclnv4GV8wTTYNbhz"
"Complete","","92.5 Pure Silver Gold-Plated Dangle Earrings with Shimmering White CZ and Pink Bead Drops","Jewellery / Womens / earrings","3","5100","2048x2048","https://www.sreerasthusilvers.com/admin/products/l7wz5sfyaIbct0QoCYsw"
"Complete","","92.5 Pure Silver Gold-Plated Flower Studs with Shimmering CZ Stoness","Jewellery / Womens / earrings","3","4950","2048x2048","https://www.sreerasthusilvers.com/admin/products/71MpAifXJUfHaiWK8nYc"
"Complete","","92.5 Pure Silver Gold-Plated Goddess Lakshmi Studs with Kemp Ruby Stones","Jewellery / Womens / earrings","4","3800","2048x2048","https://www.sreerasthusilvers.com/admin/products/DOxS9BxILAOmQFegnUk3"
"Complete","","92.5 Pure Silver Gold-Plated Goddess Lakshmi Studs with Shimmering CZ Halo","Jewellery / Womens / earrings","3","8800","2048x2048","https://www.sreerasthusilvers.com/admin/products/7J5G6xdLqLUvD7u9awQn"
"Complete","","92.5 Pure Silver Gold-Plated Jhumka-Style Chandelier Drops with Ruby Kemp and Pearl Hangings","Jewellery / Womens / earrings","4","7300","2048x2048","https://www.sreerasthusilvers.com/admin/products/8FJ8j4dYYQvwFFhc292Y"
"Complete","Same name as another product - check they are two different pieces","92.5 Pure Silver Gold-Plated Lakshmi Chandelier Drops with Ruby Kemp and CZ Borders","Jewellery / Womens / earrings","3","10799.98","2048x2048","https://www.sreerasthusilvers.com/admin/products/WJXJ73rLvRSQK5SCqycU"
"Complete","Same name as another product - check they are two different pieces","92.5 Pure Silver Gold-Plated Lakshmi Chandelier Drops with Ruby Kemp and CZ Borders","Jewellery / Womens / earrings","3","6000","2048x2048","https://www.sreerasthusilvers.com/admin/products/lZIHRinNQbq0VIH4kMxg"
"Complete","","92.5 Pure Silver Gold-Plated Rhombus Dangle Earrings with Emerald Green and White CZ Stones","Jewellery / Womens / earrings","3","5200","2048x2048","https://www.sreerasthusilvers.com/admin/products/GmuDRtERhdhso4FTYQtU"
"Complete","","92.5 Pure Silver Gold-Plated Round Flower Studs with Emerald Green and CZ Stones","Jewellery / Womens / earrings","4","6100","2048x2048","https://www.sreerasthusilvers.com/admin/products/9XWRdOxcPnEIhtCvFGFP"
"Complete","","92.5 Pure Silver Gold-Plated Traditional Drops with Ruby Pink Kemp and CZ Cluster Stones","Jewellery / Womens / earrings","3","6500","2048x2048","https://www.sreerasthusilvers.com/admin/products/a1VHJuials1pnffEnkrB"
"Complete","","92.5 Pure Silver Gold-Plated Traditional Peacock Studs with Shimmering CZ Accents","Jewellery / Womens / earrings","3","5700","2048x2048","https://www.sreerasthusilvers.com/admin/products/txcWPCE8jI1vCJsM1Tr7"
"Complete","","92.5 Pure Silver Rose Gold Designer Stud Earrings with Sparkling CZ Stones","Jewellery / Womens / earrings","3","3450","2048x2048","https://www.sreerasthusilvers.com/admin/products/C7BBkxfTbJgZWRdFS7Sp"
"Complete","","92.5 Pure Silver Rose Gold Pendant Set with Icy Blue Stone and CZ Accents","Jewellery / Womens / earrings","3","13600","2048x2048","https://www.sreerasthusilvers.com/admin/products/rNNLQtnb5JYtFnWR20Pk"
"Complete","","92.5 Pure Silver Rose Gold Plated Flower Tops with Shimmering CZ and Emerald-Green Accents","Jewellery / Womens / earrings","4","4200","2048x2048","https://www.sreerasthusilvers.com/admin/products/4fE6XhQDfO270vXCE3lV"
"Complete","","92.5 Pure Sterling Silver Bow Knot Halo Stud Earrings | Gold-Plated CZ Designer Earrings for Women","Jewellery / Womens / earrings","4","3100","2048x2048","https://www.sreerasthusilvers.com/admin/products/Cavdue2OwXSldwtqPee2"
"Complete","","92.5 Pure Sterling Silver Gold-Plated Floral Drop Earrings | CZ Stone Elegant Designer Earrings for Women","Jewellery / Womens / earrings","3","2600","2048x2048","https://www.sreerasthusilvers.com/admin/products/aM6tZUm20zdWIDqbVlFE"
"Complete","","92.5 Pure Sterling Silver Gold-Plated Floral Drop Stud Earrings | CZ Stone Designer Earrings for Women","Jewellery / Womens / earrings","5","2650","2048x2048","https://www.sreerasthusilvers.com/admin/products/NX9eJd5YSWrgUYeF5ptm"
"Complete","","92.5 Pure Sterling Silver Gold-Plated Star Tassel Stud Earrings | CZ Stone Celestial Designer Earrings for Women","Jewellery / Womens / earrings","3","3100","2048x2048","https://www.sreerasthusilvers.com/admin/products/oSGrhJGIwaoKPqqA4gsx"
"Complete","","92.5 Pure Sterling Silver Heart Halo Stud Earrings | Gold-Plated CZ Heart Designer Earrings for Women","Jewellery / Womens / earrings","4","3000","2048x2048","https://www.sreerasthusilvers.com/admin/products/RcyXR2CKcTA6zz5wGHnI"
"Complete","","92.5 Silver Baguette Hoop Drops","Jewellery / Womens / earrings","3","11150","2048x2048","https://www.sreerasthusilvers.com/admin/products/1nGbmhKwaBdQYvC5SU2K"
"Complete","","92.5 Silver Cascade Drop Earrings","Jewellery / Womens / earrings","3","12000","2048x2048","https://www.sreerasthusilvers.com/admin/products/TR4fAeMgSOvoR9Iw1Gsr"
"Complete","","92.5 Silver Gold polish Navaratna-Style Studs","Jewellery / Womens / earrings","3","7800","2048x2048","https://www.sreerasthusilvers.com/admin/products/Jcaua5BrPhsfzwGxAoOe"
"Complete","","92.5 Silver Multi-Gem Cutout Drops","Jewellery / Womens / earrings","3","6600","2048x2048","https://www.sreerasthusilvers.com/admin/products/T1vOJCggcukme8hlOlDB"
"Complete","","92.5 Silver Ombré Heart Studs","Jewellery / Womens / earrings","3","3700","2048x2048","https://www.sreerasthusilvers.com/admin/products/K9RP61mfCJ1IfDUtwqWT"
"Complete","","92.5 Silver Traditional Emerald-Green Pear Studs","Jewellery / Womens / earrings","4","6200","2048x2048","https://www.sreerasthusilvers.com/admin/products/A8EzTywZs9GF4aSKw6yh"
"Complete","","92.5 Sterling Silver Dual-Tone Beaded Drop Earrings","Jewellery / Womens / earrings","4","5900","2048x2048","https://www.sreerasthusilvers.com/admin/products/Jfm9RRGQHgr4aWblHLH4"
"Complete","","92.5 Sterling Silver Rose Gold Crystal Heart Stud Earrings","Jewellery / Womens / earrings","3","5100","2048x2048","https://www.sreerasthusilvers.com/admin/products/bXMetv3MQOC0GDRqSlZF"
"Complete","","92.5 Sterling Silver Rose Gold Temple Bell Drop Earrings","Jewellery / Womens / earrings","3","6100","2048x2048","https://www.sreerasthusilvers.com/admin/products/NTOF67PWNgr3hYP59gk0"
"Complete","","Antique Goddess Lakshmi Nakshi Coin Studs with Emerald-Green Beads – 92.5 Pure Sterling Silver in Gold Polish","Jewellery / Womens / earrings","4","13400","2048x2048","https://www.sreerasthusilvers.com/admin/products/2hVFffg7cpshaLM8kbHu"
"Complete","","Classic Goddess Lakshmi Carved Nakshi Silver Jhumka Earrings","Jewellery / Womens / earrings","3","14199.99","2048x2048","https://www.sreerasthusilvers.com/admin/products/mNoMeWWzrXueKbkvQAjo"
"Complete","","Crystal-Crusted Eiffel Tower Earrings ✨","Jewellery / Womens / earrings","4","4900","2048x2048","https://www.sreerasthusilvers.com/admin/products/ljJ4tHTJJHI044JZEXNj"
"Complete","","Crystal-Shimmering Bear Silhouette Earrings","Jewellery / Womens / earrings","4","2350","2048x2048","https://www.sreerasthusilvers.com/admin/products/slZfZ5kCpqHyLdUo7QLs"
"Complete","","Divine Goddess Lakshmi Carved Nakshi Silver Jhumka Earrings","Jewellery / Womens / earrings","3","14000","2048x2048","https://www.sreerasthusilvers.com/admin/products/nthua0SX3bew2CqnxIPT"
"Complete","","Divine Peacock Motif Carved Nakshi Silver Jhumka Earrings","Jewellery / Womens / earrings","3","12650","2048x2048","https://www.sreerasthusilvers.com/admin/products/ZjrmLc3GQoHsGWtgi7Co"
"Complete","","Heritage Emerald & Pearl Floral Chakra Tops – 92.5 Sterling Silver","Jewellery / Womens / earrings","3","7549.98","2048x2048","https://www.sreerasthusilvers.com/admin/products/7z4NSIFNpyygkoRw6tUr"
"Complete","","Heritage Red Coral & CZ Oval Center Tops – 92.5 Sterling Silver","Jewellery / Womens / earrings","4","10150","2048x2048","https://www.sreerasthusilvers.com/admin/products/1O0wDVF7kRoqStCxFTNp"
"Complete","","Royal Blue Sapphire Oval Halo Stud Earrings in 92.5 Sterling Silver","Jewellery / Womens / earrings","3","5550","2048x2048","https://www.sreerasthusilvers.com/admin/products/Tq10mUs7NXS137WeyTvG"
"Complete","","Royal Emerald Floral Mandala Stud Earrings – 92.5 Pure Sterling Silver in Gold Polish","Jewellery / Womens / earrings","3","5350","2048x2048","https://www.sreerasthusilvers.com/admin/products/bxBG2L2rZ3g7GyLSSLRh"
"Complete","","Royal Imperial Red Sunburst Stud Earrings – 92.5 Pure Sterling Silver in Gold Polish","Jewellery / Womens / earrings","4","6100","2048x2048","https://www.sreerasthusilvers.com/admin/products/XXh8rdTbT8ilMXQjZgod"
"Complete","","Royal Pagadam (Coral) Style Shimmering Cubic Zirconia Drop Earrings","Jewellery / Womens / earrings","3","11150","2048x2048","https://www.sreerasthusilvers.com/admin/products/Sy849UvChlZCRqdGZGiB"
"Complete","","Royal Temple Style Gaja Motif & Faceted Ruby Bead Hanging Jhumkis","Jewellery / Womens / earrings","3","11600","2048x2048","https://www.sreerasthusilvers.com/admin/products/JLgCBrUuAH9rOuJxvnNv"
"Complete","","Serpentine Shimmer 925 Silver Contemporary Drop Earrings","Jewellery / Womens / earrings","5","2900","2048x2048","https://www.sreerasthusilvers.com/admin/products/mWUEXOB63i5VOdFo2kCA"
"Complete","","Silver Gold Polish Antique Floral Nakshi Jhumkas with Ruby Beads","Jewellery / Womens / earrings","3","10900","2048x2048","https://www.sreerasthusilvers.com/admin/products/Hvw7LULeH4EmDSUXLlvt"
"Complete","","Silver Gold Polish Antique Mango Nakshi Jhumkas with Ruby Beads","Jewellery / Womens / earrings","3","9400","2048x2048","https://www.sreerasthusilvers.com/admin/products/lqd9PjiWwzYNr8Q8ELfH"
"Complete","","Silver Gold Polish Antique Teardrop Emerald Nakshi Jhumkas","Jewellery / Womens / earrings","3","13500","2048x2048","https://www.sreerasthusilvers.com/admin/products/xvfmD2vOIBlScvOefsZj"
"Complete","","Silver Gold Polish Lakshmi CZ Stud Jhumkas with Ruby Drops","Jewellery / Womens / earrings","3","27900","2048x2048","https://www.sreerasthusilvers.com/admin/products/VEFzxj1En0fRy32a4qOm"
"Complete","","Silver Gold Polish Lakshmi Stud Ruby & CZ Jhumkas","Jewellery / Womens / earrings","4","12000","2048x2048","https://www.sreerasthusilvers.com/admin/products/i7cahMlcbdFOMBSr3Rsm"
"Complete","","Silver Gold Polish Royal CZ Chandbali Earrings with Ruby Drops","Jewellery / Womens / earrings","3","16250","2048x2048","https://www.sreerasthusilvers.com/admin/products/oulk264XhgOzWla2XZ5a"
"Complete","","Silver Ombré Heart Studs","Jewellery / Womens / earrings","4","3750","2048x2048","https://www.sreerasthusilvers.com/admin/products/3G8IJi2SYosiraLmfabB"
"Complete","","92.5 Pure Silver Rose Gold Star Drop Earrings | Sparkling CZ Stone Ear Climbers for Women","Jewellery / Womens / kaans","4","1350","2048x2048","https://www.sreerasthusilvers.com/admin/products/LN3JDgVjC6kW3YIT7G92"
"Complete","","92.5 Pure Sterling Silver Floral Square Stud Earrings | CZ Stone Designer Studs for Women","Jewellery / Womens / kaans","3","2700","2048x2048","https://www.sreerasthusilvers.com/admin/products/TW4P4U8l2FUM0jB8sDqM"
"Complete","","Cascading Heart Solitaire Kaan Earrings – 92.5 Sterling Silver","Jewellery / Womens / kaans","4","1500","2048x2048","https://www.sreerasthusilvers.com/admin/products/afo5RMrHnlkLx1KLaejq"
"Complete","","Dual-Tone Blossom Branch Ear Climbers – 92.5 Pure Sterling Silver in gold polish","Jewellery / Womens / kaans","3","3400","2048x2048","https://www.sreerasthusilvers.com/admin/products/PVLwVKaoJxytkXmLw6us"
"Complete","","Enchanted Halo Leaf Vine 92.5 Sterling Silver Gold-Plated Kaans","Jewellery / Womens / kaans","5","2250","2048x2048","https://www.sreerasthusilvers.com/admin/products/qrf0nAVj4CiCi0F3j54r"
"Complete","","Enchanted Vine Leaf Ear Climbers – 92.5 Pure Sterling Silver","Jewellery / Womens / kaans","3","2700","2048x2048","https://www.sreerasthusilvers.com/admin/products/8oMbQogxA55xbDlu3UCI"
"Complete","","Graceful Entwined Ribbon Pavé Kaan Earrings","Jewellery / Womens / kaans","3","1200","2048x2048","https://www.sreerasthusilvers.com/admin/products/WuPSo3LyXchukTjVBrMy"
"Complete","","Radiant Emerald Green & White 92.5 Sterling Silver Ear Climbers","Jewellery / Womens / kaans","4","2100","2048x2048","https://www.sreerasthusilvers.com/admin/products/xZttI4gXtU5SFvxDLw3P"
"Complete","","Radiant Round & Marquise Leaf 92.5 Sterling Silver Gold-Plated Kaans","Jewellery / Womens / kaans","3","2100","2048x2048","https://www.sreerasthusilvers.com/admin/products/YMOETTcamx7Rt3XDaTQ3"
"Complete","","Radiant Ruby Pink & White 92.5 Sterling Silver Ear Climbers","Jewellery / Womens / kaans","4","2200","2048x2048","https://www.sreerasthusilvers.com/admin/products/ryWZ0A3gXV87McYIrLWC"
"Complete","Same name as another product - check they are two different pieces","Shimmering Marquise Leaf Branch 92.5 Pure Silver Ear Cuffs","Jewellery / Womens / kaans","3","3400","2048x2048","https://www.sreerasthusilvers.com/admin/products/Jg0HitZ2c2viZPzYDtbi"
"Complete","","92.5 Pure Silver Rose Gold Floral Ruby CZ Open Kada for Women | Adjustable Designer Bracelet","Jewellery / Womens / kada","3","3800","2048x2048","https://www.sreerasthusilvers.com/admin/products/ZfhtnBQjmem2dT1FuuWG"
"Complete","","92.5 Pure Silver Rose Gold Panther Lock Kada for Women | Designer CZ Bracelet","Jewellery / Womens / kada","3","12900","2048x2048","https://www.sreerasthusilvers.com/admin/products/AIm4ExVBx5XGt4C67P1o"
"Complete","","92.5 Pure Silver Gold Polish Dual Layer Kante Necklace with Grey Crystal Beads","Jewellery / Womens / kante","3","4550","2048x2048","https://www.sreerasthusilvers.com/admin/products/UVFS2bpglxxYHEsyZOyB"
"Complete","","92.5 Pure Silver Gold Polish Premium Designer Kante Necklace | Elegant Traditional Silver Choker","Jewellery / Womens / kante","4","14750","2048x2048","https://www.sreerasthusilvers.com/admin/products/rhbohIQQkqbrulHWFaJn"
"Complete","","92.5 Sterling Silver Double-Layer Diamond Sparkle Necklace Set","Jewellery / Womens / Necklace","4","24250","2048x2048","https://www.sreerasthusilvers.com/admin/products/m3QiN1pkUUu2TyvcMhUr"
"Complete","","92.5 Sterling Silver Teardrop Sparkle Necklace Set with Matching Earrings & Bracelet","Jewellery / Womens / Necklace","3","17400","2048x2048","https://www.sreerasthusilvers.com/admin/products/Cnsif3giUypwHlfN2Fzy"
"Complete","","Avant-Garde Diamond-Cut White CZ Abstract Festive Silver Set","Jewellery / Womens / Necklace","3","12900","2048x2048","https://www.sreerasthusilvers.com/admin/products/9BJEJRalw0cjJZ9swQrR"
"Complete","","Blossom Pearl Necklace Set in 92.5 Sterling Silver with Rose Gold Polish","Jewellery / Womens / Necklace","3","13200","2048x2048","https://www.sreerasthusilvers.com/admin/products/OqLWOr5zDKzNKVSuB0mS"
"Complete","Same name as another product - check they are two different pieces","CZ Clover Silver neclace Set with Hanging Pearl Drops","Jewellery / Womens / Necklace","3","10500","2048x2048","https://www.sreerasthusilvers.com/admin/products/8GXI2xvwweUxKUN4DChc"
"Complete","Same name as another product - check they are two different pieces","CZ Clover Silver neclace Set with Hanging Pearl Drops","Jewellery / Womens / Necklace","3","14000","2048x2048","https://www.sreerasthusilvers.com/admin/products/RsltL9g012Zrq4vF6KVp"
"Complete","Same name as another product - check they are two different pieces","Divine Lakshmi Circular Motif CZ Silver Kante Necklace","Jewellery / Womens / Necklace","3","26500","2048x2048","https://www.sreerasthusilvers.com/admin/products/t0opBnC7hqELFnUKJFTj"
"Complete","","Double Teardrop Emerald Diamond Style Delicate Long Necklace","Jewellery / Womens / Necklace","3","21450","2048x2048","https://www.sreerasthusilvers.com/admin/products/kG8tU5E1g7vxzqmWNBNF"
"Complete","Same name as another product - check they are two different pieces","Elegant Gold-Polished Silver Twin-Strand Ruby Step Necklace","Jewellery / Womens / Necklace","3","18400","2048x2048","https://www.sreerasthusilvers.com/admin/products/JYfaA6T5RCtmhB5tRrzY"
"Complete","","Elegant Rose Gold Orchid Enamel Silver Necklace Set","Jewellery / Womens / Necklace","4","17500","2048x2048","https://www.sreerasthusilvers.com/admin/products/gjwBtpipgQJAkFplY7I3"
"Complete","","Elegant Single Line CZ Floral Cluster Chain Silver Gold-Polish necklace","Jewellery / Womens / Necklace","3","20400","2048x2048","https://www.sreerasthusilvers.com/admin/products/ZmTB09kQcPkYqHQywY74"
"Complete","","Elegant Teardrop Halo CZ Rose Gold Polish Necklace Set","Jewellery / Womens / Necklace","3","7900","2048x2048","https://www.sreerasthusilvers.com/admin/products/suotL3qN0Ond52YygFIE"
"Complete","","Elite Rose Gold Interlocking Infinity Scroll CZ Choker Set","Jewellery / Womens / Necklace","3","17300","2048x2048","https://www.sreerasthusilvers.com/admin/products/5y4Fp4ygvoKDDjT3gfET"
"Complete","","Elite Rose Gold Polish Matte & Magenta Textured Enamel Set","Jewellery / Womens / Necklace","3","16600","2048x2048","https://www.sreerasthusilvers.com/admin/products/r4tJujI4Huj6idwPeVhS"
"Complete","","Elite Rose Gold Silver Choker Set with Mint CZ Accents","Jewellery / Womens / Necklace","3","11300","2048x2048","https://www.sreerasthusilvers.com/admin/products/1KANAskVy4S7V71jk7hB"
"Complete","","Elite Rose Gold Silver Honeycomb Teardrop Pendant Set","Jewellery / Womens / Necklace","3","16000","2048x2048","https://www.sreerasthusilvers.com/admin/products/ucm9FesWttTxwP54qn01"
"Complete","","Emerald Elegance Tennis Necklace Set in 92.5 Sterling Silver with Rose Gold Polish","Jewellery / Womens / Necklace","3","17300","2048x2048","https://www.sreerasthusilvers.com/admin/products/dkjGgv3RruDlV7FZj8o5"
"Complete","Same name as another product - check they are two different pieces","Enamelled Butterfly Dreams 925 Pure Silver Necklace & Earrings Set","Jewellery / Womens / Necklace","4","18700","2048x2048","https://www.sreerasthusilvers.com/admin/products/1mYx0aTPqm5IsjbZqe0S"
"Complete","Same name as another product - check they are two different pieces","Enamelled Butterfly Dreams 925 Pure Silver Necklace & Earrings Set","Jewellery / Womens / Necklace","3","18400","2048x2048","https://www.sreerasthusilvers.com/admin/products/3bbYANoEVRf5iLJkAb3c"
"Complete","Same name as another product - check they are two different pieces","Enchanted Garden Multi-Color Rose & CZ Silver Necklace Set","Jewellery / Womens / Necklace","3","10900","2048x2048","https://www.sreerasthusilvers.com/admin/products/gP2X7tntPb0KlEgJoS6p"
"Complete","Same name as another product - check they are two different pieces","Enchanted Garden Multi-Color Rose & CZ Silver Necklace Set","Jewellery / Womens / Necklace","3","16500","2048x2048","https://www.sreerasthusilvers.com/admin/products/ssYmzQoAfGqOUVE3JGS1"
"Complete","","Gold-Polished Silver Grand Antique Nakshi Lakshmi Temple Necklace with Ruby Beads","Jewellery / Womens / Necklace","3","26800","2048x2048","https://www.sreerasthusilvers.com/admin/products/MZS2I1MB8I3l5Td4Mn0i"
"Complete","","Gold-Polished Silver Shimmering CZ Diamond & Emerald Scalloped necklace","Jewellery / Womens / Necklace","3","25600","2048x2048","https://www.sreerasthusilvers.com/admin/products/DacsRqWyxoYnqqQhta7x"
"Complete","","Infinity Pearl Necklace Set in 92.5 Sterling Silver with Rose Gold Polish","Jewellery / Womens / Necklace","3","9900","2048x2048","https://www.sreerasthusilvers.com/admin/products/cASFGNfWZBsRxymgAleS"
"Complete","Same name as another product - check they are two different pieces","Radiant Floral Pendant Necklace Set in 92.5 Sterling Silver with Rose Gold Polish","Jewellery / Womens / Necklace","3","13900","2048x2048","https://www.sreerasthusilvers.com/admin/products/InFRQZR0DaNXqaOV9W9p"
"Complete","","Royal Antique Silver Gold Polish Kemp Studded Bud Motif Necklace","Jewellery / Womens / Necklace","3","8650","2048x2048","https://www.sreerasthusilvers.com/admin/products/O0170E5X1rYO4rvnmFEx"
"Complete","","Royal Blossom Designer Necklace Set in 92.5 Sterling Silver with Rose Gold Polish","Jewellery / Womens / Necklace","4","11000","2048x2048","https://www.sreerasthusilvers.com/admin/products/0sf9v1k0wCcC9hSgklgp"
"Complete","","Royal Emerald & CZ Peacock Silver Haram with Hanging Jhumka Pendant","Jewellery / Womens / Necklace","3","41650","2048x2048","https://www.sreerasthusilvers.com/admin/products/N9krGgZllQrXR74bXLyK"
"Complete","","Royal Gold Polish Silver Dainty Ruby Center Floral Scallop Diamond Style Long Necklace","Jewellery / Womens / Necklace","3","16150","2048x2048","https://www.sreerasthusilvers.com/admin/products/W0zwz9ksFdxildSpXKT4"
"Complete","","Royal Navaratna Inspired Multi-Gem Silver Choker with Pearl Clusters","Jewellery / Womens / Necklace","3","18350","2048x2048","https://www.sreerasthusilvers.com/admin/products/UgpGxiJiugwEqnO8FNn0"
"Complete","","Antique Oxidized Sterling Silver Bal Krishna Flute & Makhan Matki Pendant","Jewellery / Womens / PENDENT","5","6300","2048x2048","https://www.sreerasthusilvers.com/admin/products/9uqnayeAiWLJXhI8p7dq"
"Complete","","Antique Oxidized Sterling Silver Ganesha Peepal Leaf Medallion Pendant","Jewellery / Womens / PENDENT","3","10000","2048x2048","https://www.sreerasthusilvers.com/admin/products/XunySPPgxPcGMJcIGKpR"
"Complete","","Antique Oxidized Sterling Silver Lord Ganesha Lotus Pendant","Jewellery / Womens / PENDENT","3","4850","2048x2048","https://www.sreerasthusilvers.com/admin/products/1L1pkMjc9LS66Z3Qki9M"
"Complete","","Antique Oxidized Sterling Silver Lord Murugan with Vel & Peacock Pendant","Jewellery / Womens / PENDENT","4","4800","2048x2048","https://www.sreerasthusilvers.com/admin/products/gEYIXcAJVApckNa3n0rf"
"Complete","","Antique Silver Mahadev Statement Pendant with Crescent Moon & Nagas","Jewellery / Womens / PENDENT","4","7600","2048x2048","https://www.sreerasthusilvers.com/admin/products/XG5zkl2Jl6jfMh5zoRoM"
"Complete","","Classic Elephant Motif Nakshi Bar silver gold polish Pendant with Coral Cabochons & CZ","Jewellery / Womens / PENDENT","4","3500","2048x2048","https://www.sreerasthusilvers.com/admin/products/5Rufm7waxhzOei8kF2eW"
"Complete","","Classic silver Nakshi Lakshmi Bar gold polish Pendant with Twin Ruby Kemp Motifs","Jewellery / Womens / PENDENT","3","6000","2048x2048","https://www.sreerasthusilvers.com/admin/products/9y22LBgi0bxDGAn5ijzn"
"Complete","","Divine Ganesha Carved Nakshi Silver Pendant with Shimmering White CZ Halo","Jewellery / Womens / PENDENT","3","5300","2048x2048","https://www.sreerasthusilvers.com/admin/products/zsDsv0wv0HNAlvzBRj14"
"Complete","","Grand Divine Gaja Lakshmi Antique Silver Pendant with Peacock Feather Art & Faceted Emerald Drops","Jewellery / Womens / PENDENT","4","17500","2048x2048","https://www.sreerasthusilvers.com/admin/products/EVihSV2B3LsUuzZbKWNq"
"Complete","","Grand Divine Krishna Flute Nakshi Silver gold polish Pendant with CZ Diamonds","Jewellery / Womens / PENDENT","4","12000","2048x2048","https://www.sreerasthusilvers.com/admin/products/8Q3leWFUGqpNbVPLDgr3"
"Complete","","Grand Divine Lakshmi Nakshi Silver gold polish Pendant with Tumbled Ruby Drops","Jewellery / Womens / PENDENT","4","9900","2048x2048","https://www.sreerasthusilvers.com/admin/products/pNiYdlr0RFAaXUOUebps"
"Complete","","Grand Divine Lakshmi Prabhavali Motif Silver gold polish  Pendant with Kemp Beads","Jewellery / Womens / PENDENT","3","21000","2048x2048","https://www.sreerasthusilvers.com/admin/products/CkuNecnvC4Vr8uYxM1ac"
"Complete","","Grand Divine Ram Parivar Carved Silver gold polish Pendant with Pearl Trim","Jewellery / Womens / PENDENT","3","12200","2048x2048","https://www.sreerasthusilvers.com/admin/products/EiQ1T6Xb8rVCZG3wOj0w"
"Complete","","Majestic CZ & Polki Encrusted Ram Parivar Temple Pendant with Emerald Accent","Jewellery / Womens / PENDENT","3","16800","2048x2048","https://www.sreerasthusilvers.com/admin/products/IOzgZ4kmTCVrb9JrRvcY"
"Complete","","Majestic Diamond-Cut CZ Curved silver gold polish Pendant with Ruby Clusters","Jewellery / Womens / PENDENT","3","6300","2048x2048","https://www.sreerasthusilvers.com/admin/products/zAQOlA4EL5IT6SCl3C4q"
"Complete","","Majestic Diamond-Cut CZ Encrusted Mayur Motif Pendant with Emerald Drops","Jewellery / Womens / PENDENT","3","11700","2048x2048","https://www.sreerasthusilvers.com/admin/products/ZEDKhkvdIRxkvRuA9yCm"
"Complete","","Majestic Polki & CZ Encrusted Balaji Pendant with tumbled ruby drops","Jewellery / Womens / PENDENT","3","12800","2048x2048","https://www.sreerasthusilvers.com/admin/products/MJp9fQP8vWLbwVA62BrR"
"Complete","","Majestic Polki & CZ Encrusted Vinayaka Motif Pendant with Peacock Borders","Jewellery / Womens / PENDENT","3","11100","2048x2048","https://www.sreerasthusilvers.com/admin/products/18Xzi0TAAmnaQ5ZZBptO"
"Complete","","Majestic Twin Peacock Venugopala Krishna CZ Halo Pendant with pearls","Jewellery / Womens / PENDENT","5","12200","2048x2048","https://www.sreerasthusilvers.com/admin/products/Yv90kAZpEukxg4HBAI3A"
"Complete","","Royal Antique Silver Gold Polish Lakshmi Lotus Statement Pendant with Pearl Drops","Jewellery / Womens / PENDENT","4","13900","2048x2048","https://www.sreerasthusilvers.com/admin/products/N9rMGmAIPW7X2EZ1BVx9"
"Complete","","Royal Antique Silver Gold Polish Temple Gopuram Lakshmi Pendant with Coral & Pearls","Jewellery / Womens / PENDENT","4","18400","2048x2048","https://www.sreerasthusilvers.com/admin/products/edNBBpPoPr5iKDH59gq6"
"Complete","","Royal Silver Gold Polish Antique Lakshmi Temple Pendant with Peacock Feather Art & Tumbled Ruby Drops","Jewellery / Womens / PENDENT","4","20000","2048x2048","https://www.sreerasthusilvers.com/admin/products/4FOdJjAcYbWoEhtz7sLT"
"Complete","","Royal Silver Gold Polish Carved Iced-Blue Gem & CZ Lattice Pendant","Jewellery / Womens / PENDENT","4","14300","2048x2048","https://www.sreerasthusilvers.com/admin/products/vkS7UFYE291Tv84zWMIb"
"Complete","","Royal Silver Gold Polish Goddess Lakshmi Circular Temple Pendant with Shimmering White CZ Halo","Jewellery / Womens / PENDENT","3","5700","2048x2048","https://www.sreerasthusilvers.com/admin/products/oTNLFR6Ny7DasYZnKM5O"
"Complete","","Royal Silver Gold Polish Ram Parivar Kasu Choker Pendant with Rubies & CZ","Jewellery / Womens / PENDENT","4","8899.98","2048x2048","https://www.sreerasthusilvers.com/admin/products/bDQGfIs4nZiZiZLg6qsX"
"Complete","","Royal Silver Gold Polish Sri Ram Darbar Temple Pendant with Pearls & CZ","Jewellery / Womens / PENDENT","4","32000","2048x2048","https://www.sreerasthusilvers.com/admin/products/Nb8RAnHpX0ejHFwthfqF"
"Complete","","Royal Silver Gold Polish Standing Lord Venkateshwara Temple Pendant with CZ Diamonds & Rubies","Jewellery / Womens / PENDENT","4","34600","2048x2048","https://www.sreerasthusilvers.com/admin/products/NGK7FmeFmpubpNWTNo3l"
"Complete","","Royal Silver Gold Polish Twin Peacock Polki Temple Pendant with Ruby Drops","Jewellery / Womens / PENDENT","3","9600","2048x2048","https://www.sreerasthusilvers.com/admin/products/N1F67mVgMtKcehFB8A5N"
"Complete","","Royal Silver Gold Polish Venugopala Krishna with Cow Temple Pendant with Ruby Drops","Jewellery / Womens / PENDENT","4","20200","2048x2048","https://www.sreerasthusilvers.com/admin/products/qliMRocYDeMQcdRs5smy"
"Complete","","Silver Gold Polish Krishna Flute & Peacock Feather Pendant","Jewellery / Womens / PENDENT","3","3600","2048x2048","https://www.sreerasthusilvers.com/admin/products/IFEk4v5RRmqrTfUCG9Fx"
"Complete","","Silver Gold Polish Seated Murali Krishna Pendant","Jewellery / Womens / PENDENT","4","2100","2048x2048","https://www.sreerasthusilvers.com/admin/products/Q02adWlLFUUJ0iI2Cix6"
"Complete","","Solid Oxidized Silver Divine Goddess Durga Tiger Rider Pendant","Jewellery / Womens / PENDENT","4","6000","2048x2048","https://www.sreerasthusilvers.com/admin/products/UeepG8vCAH4godpKiDFE"
"Complete","","Solid Oxidized Silver Divine Lord Murugan Vel Shape Pendant","Jewellery / Womens / PENDENT","4","3000","2048x2048","https://www.sreerasthusilvers.com/admin/products/CbbC4z7MhJPAVjVDoYIc"
"Complete","","Solid Oxidized Silver Divine Seated Lord Murugan Peacock Pendant","Jewellery / Womens / PENDENT","4","5100","2048x2048","https://www.sreerasthusilvers.com/admin/products/U7tQ1vH02IzMom1moGz1"
"Complete","","Solid Oxidized Silver Lord Ganesha Throne Blessing Pendant","Jewellery / Womens / PENDENT","4","6950","2048x2048","https://www.sreerasthusilvers.com/admin/products/Dsv1zH4VivhUwKn1i3vN"
"Complete","","Solid Oxidized Silver Lord Hanuman Kneeling Blessing Pendant","Jewellery / Womens / PENDENT","4","5700","2048x2048","https://www.sreerasthusilvers.com/admin/products/0GeMU6SHXW4yHGceXQYu"
"Complete","","92.5 Pure Silver Antique Gold-Plated Pendant Set with Ruby Flower and Green Meenakari Leaf Accents","Jewellery / Womens / PENDENT SET","3","17999.99","2048x2048","https://www.sreerasthusilvers.com/admin/products/gxNeYgYfkXrcncbKypqD"
"Complete","","92.5 Pure Silver Chandelier Pendant Set with Ruby Pink Stones, CZ Cluster, and Pearl Hangings","Jewellery / Womens / PENDENT SET","3","6099.97","2048x2048","https://www.sreerasthusilvers.com/admin/products/C4yhZAIaT74oh3X8ZI28"
"Complete","","92.5 Pure Silver Gold-Plated Pendant Set with Emerald Green Stones and Asymmetric CZ Loops","Jewellery / Womens / PENDENT SET","3","12200","2048x2048","https://www.sreerasthusilvers.com/admin/products/v01SH9H0JRrafPjk4Gj4"
"Complete","","92.5 Pure Silver Gold-Plated Pendant Set with Peach and Mint Green Stones and CZ Halo Frame","Jewellery / Womens / PENDENT SET","5","4500","2048x2048","https://www.sreerasthusilvers.com/admin/products/5bcp1tZRz39TWc4scxXd"
"Complete","","92.5 Pure Silver Gold-Plated Pendant Set with Rectangular Solitaire and Shimmering Marquise CZ Wing","Jewellery / Womens / PENDENT SET","4","2800","2048x2048","https://www.sreerasthusilvers.com/admin/products/73BR03AciMhU77MECF5Q"
"Complete","","92.5 Pure Silver Gold-Plated Square Pendant Set with Green Clover Stones and CZ Borders","Jewellery / Womens / PENDENT SET","4","15200","2048x2048","https://www.sreerasthusilvers.com/admin/products/mbS12x89xI6xs6hrTtzi"
"Complete","","92.5 Pure Silver Grand Chandelier Pendant Set with Ruby Pink Kemp and Pearl Hangings","Jewellery / Womens / PENDENT SET","3","3099.99","2048x2048","https://www.sreerasthusilvers.com/admin/products/VDOxB4YwZAb6XB146tm4"
"Complete","","92.5 Pure Silver Rudraksha Pendant with Divine Goddess Cap | Spiritual Silver Pendant for Men & Women","Jewellery / Womens / PENDENT SET","4","28500","2048x2048","https://www.sreerasthusilvers.com/admin/products/cTE0WLlJrZ4UhuH2DFnQ"
"Complete","","92.5 Pure Silver Flower Branch Studs with Sky Blue and Bright Yellow Enamel Blossoms","Jewellery / Womens / Rings","3","3600","2048x2048","https://www.sreerasthusilvers.com/admin/products/NP8JoGVeGsJ1uXUsmDgt"
"Complete","","Antique Marcasite Wrapped Black Onyx Cabochon 92.5 Pure Silver Statement Ring","Jewellery / Womens / Rings","5","3500","2048x2048","https://www.sreerasthusilvers.com/admin/products/SIIZNz6RCh6rKJnmNtDz"
"Complete","","Antique Style Apple-Shaped Sapphire Blue Crystal Ring in 92.5 Sterling Silver","Jewellery / Womens / Rings","5","3200","2048x2048","https://www.sreerasthusilvers.com/admin/products/0uCRSIcnti5alaEbVX31"
"Complete","","Black Star Onyx Halo Ring in 92.5 Sterling Silver with Clear Pavé Border","Jewellery / Womens / Rings","4","3300","2048x2048","https://www.sreerasthusilvers.com/admin/products/7zK0wIFXShq0HkJ97xOQ"
"Complete","","Blossom Infinity Linked Knot 92.5 Pure Silver Rose Gold Statement Ring","Jewellery / Womens / Rings","3","5000","2048x2048","https://www.sreerasthusilvers.com/admin/products/tzigW58VrI5tn6vrulFd"
"Complete","","Blush Pink Minimalist Round Solitaire 92.5 Pure Silver Promise Ring","Jewellery / Womens / Rings","4","1600","2048x2048","https://www.sreerasthusilvers.com/admin/products/4GfTqUmM0fVajh4auU3A"
"Complete","","Classic Round-Cut Solitaire Engagement Ring in 92.5 Sterling Silver","Jewellery / Womens / Rings","4","2450","2048x2048","https://www.sreerasthusilvers.com/admin/products/bxpmVTc6kiPZX8Qa3trT"
"Complete","","Cosmic Spiral Cluster 92.5 Pure Silver Dainty Statement Ring","Jewellery / Womens / Rings","3","850","2048x2048","https://www.sreerasthusilvers.com/admin/products/3k8Uf96avSylmLEMKUwG"
"Complete","","Dual-Monarch Bloom Marquise Ruby-Pink 92.5 Pure Silver Statement Ring","Jewellery / Womens / Rings","3","2200","2048x2048","https://www.sreerasthusilvers.com/admin/products/S9izVVkt01FgD0iVdUku"
"Complete","","Dual-Royal Crimson Blossom Solitaire 92.5 Pure Silver Textured Engagement Ring","Jewellery / Womens / Rings","3","2600","2048x2048","https://www.sreerasthusilvers.com/admin/products/CX6XXAaIuPowqnnx7Jk5"
"Complete","","Dual-Tone Asymmetric Star Ring in 92.5 Sterling Silver with Pavé Accents","Jewellery / Womens / Rings","4","1700","2048x2048","https://www.sreerasthusilvers.com/admin/products/rnzKIGkb5vc2pnK922hG"
"Complete","","Emerald Green Center Multi-Tone Flower Cocktail Ring in 92.5 Sterling Silver","Jewellery / Womens / Rings","4","6350","2048x2048","https://www.sreerasthusilvers.com/admin/products/oBKqIMPQ7bjFGSU00Yay"
"Complete","","Emerald Green Geometric Mandala Cocktail Ring in Gold-Plated 92.5 Sterling Silver","Jewellery / Womens / Rings","4","4400","2048x2048","https://www.sreerasthusilvers.com/admin/products/YzjhS9XIWIqW1mzK8u17"
"Complete","","Emotional Hugging Hands Open Ring in 92.5 Sterling Silver with Blue Sapphire Accents","Jewellery / Womens / Rings","4","2000","2048x2048","https://www.sreerasthusilvers.com/admin/products/XfT85tQROqnWcRPBs3of"
"Complete","","Horizon Tri-Tone Textured Shell 92.5 Pure Silver Statement Ring","Jewellery / Womens / Rings","4","5600","2048x2048","https://www.sreerasthusilvers.com/admin/products/GGoIsWlLBGFEglSrO2qu"
"Complete","","Infinity Heart Dual-Tone Accent Ring in 92.5 Sterling Silver with Pavé Zirconia","Jewellery / Womens / Rings","4","2300","2048x2048","https://www.sreerasthusilvers.com/admin/products/LG41X5Ix7wC8kTSYXzsM"
"Complete","","Majestic Crown Filigree 925 Sterling Silver  Ring","Jewellery / Womens / Rings","4","2400","2048x2048","https://www.sreerasthusilvers.com/admin/products/qT6Qj2JsKEgVyU9Kr8sn"
"Complete","","Marquise-Cut Zirconia Leaf Multi-Row Stacked Ring in 92.5 Sterling Silver","Jewellery / Womens / Rings","3","3850","2048x2048","https://www.sreerasthusilvers.com/admin/products/QpIRKMGoxDU0M5KxVPFz"
"Complete","","Midnight Blossom Invisible-Cut Blue Mosaic 92.5 Pure Silver Statement Ring","Jewellery / Womens / Rings","4","5900","2048x2048","https://www.sreerasthusilvers.com/admin/products/hJo4eTJ2oJ7qsR8iXcvu"
"Complete","","Mosaic Brilliance Tri-Color Baguette 925 Silver Cocktail Ring","Jewellery / Womens / Rings","3","3200","2048x2048","https://www.sreerasthusilvers.com/admin/products/AN9hpO4m2rcFWCVoJZbV"
"Complete","","Multi-Color Rainbow Stone Accent Diamond-Shape Pavé Shield Ring in 92.5 Sterling Silver","Jewellery / Womens / Rings","3","3200","2048x2048","https://www.sreerasthusilvers.com/admin/products/LkSBOoy2SwW3vA0bJT7l"
"Complete","","Multi-Tone Rose Gold and Yellow Gold Polish 92.5 Sterling Silver Flower Cocktail Ring","Jewellery / Womens / Rings","3","7300","2048x2048","https://www.sreerasthusilvers.com/admin/products/ei68V0zBA0rh6eHgbP8H"
"Complete","","Multi-Tone Rose Gold Polish 92.5 Sterling Silver Intricate Floral Filigree Dome Ring","Jewellery / Womens / Rings","3","3750","2048x2048","https://www.sreerasthusilvers.com/admin/products/L34byUugtoODDGqwTBzk"
"Complete","","Ocean Blue Teardrop Pear-Cut Halo Ring in 92.5 Sterling Silver","Jewellery / Womens / Rings","4","2650","2048x2048","https://www.sreerasthusilvers.com/admin/products/5uqQBzjkZjVQ2JjpbX3T"
"Complete","","Oval-Cut Solitaire Bypass Ring with Baguette Accents in 92.5 Sterling Silver","Jewellery / Womens / Rings","4","2900","2048x2048","https://www.sreerasthusilvers.com/admin/products/8uI6WVw8wExvpZcYZ8I1"
"Complete","","pastel Azure Blue Cabochon Pavé Shank 925 Silver ring","Jewellery / Womens / Rings","3","1500","2048x2048","https://www.sreerasthusilvers.com/admin/products/aDBoqOvFHwFHOYDqmMYa"
"Complete","","Pear-Cut Solitaire Pear Halo Engagement Ring in 92.5 Sterling Silver","Jewellery / Womens / Rings","3","3100","2048x2048","https://www.sreerasthusilvers.com/admin/products/pQNrgrprK6TLyddvoMb2"
"Complete","","Pink Quartz Star Solitaire Halo Ring in 92.5 Sterling Silver","Jewellery / Womens / Rings","4","3200","2048x2048","https://www.sreerasthusilvers.com/admin/products/iKjqtqJOQea7Y7THcRpo"
"Complete","","Protective Evil Eye Enamel Ring in 92.5 Sterling Silver with Micro-Pavé Zirconia","Jewellery / Womens / Rings","4","1850","2048x2048","https://www.sreerasthusilvers.com/admin/products/QOWMCIRWOrInmBu63Lvi"
"Complete","","Quirky Zipper Motif Band Ring in 92.5 Sterling Silver with Micro-Pave Zirconia","Jewellery / Womens / Rings","5","3000","2048x2048","https://www.sreerasthusilvers.com/admin/products/6fc8hX329lwr92fzKokg"
"Complete","","Rainbow Baguette 92.5 Pure Silver Multi-Layer Band Ring","Jewellery / Womens / Rings","4","4650","2048x2048","https://www.sreerasthusilvers.com/admin/products/CmEz1VNr8veAv7rU52NM"
"Complete","","Raspberry Pink Crystal Glint Paved Shank 925 Silver Fashion Ring","Jewellery / Womens / Rings","4","2300","2048x2048","https://www.sreerasthusilvers.com/admin/products/GhdUF4RSQX3Tw4TmhTDS"
"Complete","","Rose Gold Plated 92.5 Sterling Silver Intertwined Black and White Zirconia Statement Ring","Jewellery / Womens / Rings","4","5600","2048x2048","https://www.sreerasthusilvers.com/admin/products/Dk7HJdtV2h5ZeB8w7sn0"
"Complete","","Rose Gold Plated 92.5 Sterling Silver Princess-Cut Cushion Halo Engagement Ring","Jewellery / Womens / Rings","3","6100","2048x2048","https://www.sreerasthusilvers.com/admin/products/qfF2dZunVYMCdT6kubJl"
"Complete","","Rose Gold Plating 92.5 Sterling Silver Multi-Row Butterfly Stacked Ring","Jewellery / Womens / Rings","4","3950","2048x2048","https://www.sreerasthusilvers.com/admin/products/D4epqACvroxUOI03mTed"
"Complete","","Rose Quartz Style Round Solitaire Ring with Pavé Hearts in 92.5 Sterling Silver","Jewellery / Womens / Rings","4","1800","2048x2048","https://www.sreerasthusilvers.com/admin/products/8P78KywGAQ0kGo7wwb26"
"Complete","","Royal Blue Sapphire Round Solitaire Ring in 92.5 Sterling Silver","Jewellery / Womens / Rings","4","2000","2048x2048","https://www.sreerasthusilvers.com/admin/products/3dyaB7Dl4oC5NwCnV08f"
"Complete","","Royal Gold-Plated Floral Peacock-Inspired 92.5 Pure Silver Statement Ring","Jewellery / Womens / Rings","3","5300","2048x2048","https://www.sreerasthusilvers.com/admin/products/L5olvjIKfOKIA8spdZIa"
"Complete","","Royal Gold-Plated Vintage Filigree Medallion 92.5 Pure Silver Cocktail Ring","Jewellery / Womens / Rings","3","4500","2048x2048","https://www.sreerasthusilvers.com/admin/products/ZG4twEYXwz4ghcHvkueL"
"Complete","","Royal Heritage Majesty Crown 92.5 Pure Silver Dainty Promise Ring","Jewellery / Womens / Rings","3","2400","2048x2048","https://www.sreerasthusilvers.com/admin/products/VLP0Zzs4kk6Gmg49UJQk"
"Complete","","Royal Sapphire Blue Floral Cluster Cocktail 3rd spin  Ring in 92.5 Sterling Silver","Jewellery / Womens / Rings","4","4200","2048x2048","https://www.sreerasthusilvers.com/admin/products/t4gIlpScaHwrIogT5hbE"
"Complete","","Royal Sapphire Blue Flower Wheel Cocktail Ring in 92.5 Sterling Silver","Jewellery / Womens / Rings","4","3600","2048x2048","https://www.sreerasthusilvers.com/admin/products/qLnwbaSyd3XhQbUw8U0u"
"Complete","","Royal Sapphire red Floral Cluster Cocktail Ring in 92.5 Sterling Silver","Jewellery / Womens / Rings","3","2450","2048x2048","https://www.sreerasthusilvers.com/admin/products/bEiXetRNMSTJKsThhU7U"
"Complete","","Ruby Red Center Stone Multi-Row Wave Cocktail Ring in 92.5 Sterling Silver","Jewellery / Womens / Rings","4","3100","2048x2048","https://www.sreerasthusilvers.com/admin/products/zgaGvvVBGz9WFgKBYUFd"
"Complete","","Ruby Red Floral Blossom Halo Cocktail 3rd spin Ring in 92.5 Sterling Silver","Jewellery / Womens / Rings","4","4001","2048x2048","https://www.sreerasthusilvers.com/admin/products/l1hPlmlNiQssL9rdQaCB"
"Complete","","Ruby Red Square Solitaire Cocktail Ring in Gold-Plated 92.5 Sterling Silver","Jewellery / Womens / Rings","3","5400","2048x2048","https://www.sreerasthusilvers.com/admin/products/lY7WIw9WTr4iU0gePCde"
"Complete","","Seraphina Marquise Vine 92.5 Pure Silver Multi-Row Statement Ring","Jewellery / Womens / Rings","4","3950","2048x2048","https://www.sreerasthusilvers.com/admin/products/EyrCUlfMIu0j6sHCSjKX"
"Complete","","Square Halo and Arched Crown Layered Dual Band Ring in 92.5 Sterling Silver","Jewellery / Womens / Rings","4","1900","2048x2048","https://www.sreerasthusilvers.com/admin/products/nFU1VCkgkoP8OLSNwFk7"
"Complete","","Tri-Color Rose Gold and Yellow Gold Polish 92.5 Sterling Silver Abstract Clover Ring","Jewellery / Womens / Rings","4","4900","2048x2048","https://www.sreerasthusilvers.com/admin/products/9YZreaztPVwrD6Xnheo8"
"Complete","","Tri-Color Rose Gold and Yellow Gold Polish 92.5 Sterling Silver Bubble Cluster Ring","Jewellery / Womens / Rings","4","5700","2048x2048","https://www.sreerasthusilvers.com/admin/products/ZfSvMH4OByayEsewpXtX"
"Complete","","Tri-Color Rose Gold and Yellow Gold Polish 92.5 Sterling Silver Yin-Yang Spiral Ring","Jewellery / Womens / Rings","4","5700","2048x2048","https://www.sreerasthusilvers.com/admin/products/jCI4VTJlv4eUGTmxX4cz"
"Complete","","Vintage Origami Blossom Tri-Color Filigree 925 Silver Statement Ring","Jewellery / Womens / Rings","4","2650","2048x2048","https://www.sreerasthusilvers.com/admin/products/yYw1Yjelxn5zR8hMG8la"
"Complete","","Blooming Petals Necklace Set in 92.5 Sterling Silver with Rose Gold Polish","Jewellery / Womens / Rose Gold Necklace","3","14900","2048x2048","https://www.sreerasthusilvers.com/admin/products/KspTJgXyh1xcfwOZdvrz"
"Complete","","Enamelled Ribbon Bow 925 Pure Silver Necklace Set with Pearl Accents","Jewellery / Womens / Rose Gold Necklace","5","20350","2048x2048","https://www.sreerasthusilvers.com/admin/products/6ayLDVfx8EfkB2l3ZQZ4"
"Complete","","Eternal Radiance – 92.5 Sterling Silver Rose Gold Graduated Tennis Set","Jewellery / Womens / Rose Gold Necklace","3","9700","2048x2048","https://www.sreerasthusilvers.com/admin/products/cqkxiUmk2ovDB0cWBB46"
"Complete","","Floating Flora – 92.5 Sterling Silver Rose Gold Multi-Tone Wire Necklace Set","Jewellery / Womens / Rose Gold Necklace","4","12350","2048x2048","https://www.sreerasthusilvers.com/admin/products/6QXZH5R1bVOuV5OgRyNv"
"Complete","Same name as another product - check they are two different pieces","Flora Aura Rose Gold Plated Pure Silver Stud & Necklace Set","Jewellery / Womens / Rose Gold Necklace","3","12300","2048x2048","https://www.sreerasthusilvers.com/admin/products/7MCvylrq7ojGG7JRA7js"
"Complete","Same name as another product - check they are two different pieces","Flora Aura Rose Gold Plated Pure Silver Stud & Necklace Set","Jewellery / Womens / Rose Gold Necklace","3","12300","2048x2048","https://www.sreerasthusilvers.com/admin/products/hBFVcejFaXGoAc7YY7rW"
"Complete","","Floral Elegance Necklace Set in 92.5 Sterling Silver with Rose Gold Polish","Jewellery / Womens / Rose Gold Necklace","3","12850","1900x1900","https://www.sreerasthusilvers.com/admin/products/PUaMHtJz0dYoC3pxBIr7"
"Complete","","Gulabi Blossom 925 Silver Choker Set (Rose Gold Polish)","Jewellery / Womens / Rose Gold Necklace","3","20300","2048x2048","https://www.sreerasthusilvers.com/admin/products/uhmaK3jurSkIexrHeNsF"
"Complete","","Modern Geometric 92.5 Sterling Silver Men's Band Ring with Baguette Accents","Jewellery / Womens / Rose Gold Necklace","3","14250","2048x2048","https://www.sreerasthusilvers.com/admin/products/Pai6Vh0lnap3E2MjpuCN"
"Complete","","Nature-Inspired Leaf Necklace Set in 92.5 Sterling Silver with Rose Gold Polish","Jewellery / Womens / Rose Gold Necklace","4","15900","2048x2048","https://www.sreerasthusilvers.com/admin/products/BuC5f90U8qpQ1Q8gyP9f"
"Complete","","Pastel Flora Rose Gold Plated Pure Silver Choker & Earring Set","Jewellery / Womens / Rose Gold Necklace","4","13400","2048x2048","https://www.sreerasthusilvers.com/admin/products/k3nijNmo4xaF0JlLXmlt"
"Complete","Same name as another product - check they are two different pieces","Radiant Floral Pendant Necklace Set in 92.5 Sterling Silver with Rose Gold Polish","Jewellery / Womens / Rose Gold Necklace","3","13700","2048x2048","https://www.sreerasthusilvers.com/admin/products/PNWHzVtqgToHtoWEzxuA"
"Complete","","S-Link Eternity Rose Gold Plated Pure Silver Jewelry Set","Jewellery / Womens / Rose Gold Necklace","3","20650","2048x2048","https://www.sreerasthusilvers.com/admin/products/vn9JriDJK4hK8sgh9Hdq"
"Complete","Same name as another product - check they are two different pieces","Elegant Gold-Polished Silver Twin-Strand Ruby Step Necklace","Jewellery / Womens / stone necklace","3","7000","2048x2048","https://www.sreerasthusilvers.com/admin/products/q8OqgbJP0lHaJCyqRMHw"
"Complete","","Grand Imperial gold polish Peacock Nakshi Kasu Long haram for Bridal Layering","Jewellery / Womens / Temple Haram","3","68400","2048x2048","https://www.sreerasthusilvers.com/admin/products/7qKhdnqPCuLjUPYzTXYf"
"Complete","","Grand sliver gold polish Continuous Rosette Link Lakshmi Haram with Pearl & Emerald Beads","Jewellery / Womens / Temple Haram","3","34500","2048x2048","https://www.sreerasthusilvers.com/admin/products/TNdd22vwStKO3XwbUnt2"
"Complete","","Royal Antique Silver Gold Polish Lakshmi Kasulaperu Haram for Bridal Layering","Jewellery / Womens / Temple Haram","4","120000","2048x2048","https://www.sreerasthusilvers.com/admin/products/A7SQmdIJnBjPmPvBugV5"
"Complete","","Royal Antique Silver Gold Polish Murali Krishna Temple Long Haram","Jewellery / Womens / Temple Haram","3","45700","2048x2048","https://www.sreerasthusilvers.com/admin/products/x6f5IcFOXVcCjGmg5aYs"
"Complete","","Royal Antique Silver Gold Polish Nakshi Lakshmi Floral Haram with Pearl & Emerald Drops","Jewellery / Womens / Temple Haram","3","57100","2048x2048","https://www.sreerasthusilvers.com/admin/products/2a3UpNnkU0K24fbIIIiu"
"Complete","","Royal Antique Silver Gold Polish Nakshi Lakshmi Temple Haram","Jewellery / Womens / Temple Haram","3","46300","2048x2048","https://www.sreerasthusilvers.com/admin/products/haMoyE7pWMAJjZsBfzFo"
"Complete","","Royal Antique Silver Gold Polish Nakshi Seated Lakshmi Haram with Ruby Wheel Accents","Jewellery / Womens / Temple Haram","3","60599.98","2048x2048","https://www.sreerasthusilvers.com/admin/products/7MnDj1phfy8RCaW2pe1S"
"Complete","","Royal Gold Polish Silver Shimmering Diamond CZ & Emerald Haram","Jewellery / Womens / Temple Haram","4","52500","2048x2048","https://www.sreerasthusilvers.com/admin/products/AYCO1m54zjA9qib3ahz0"
"Complete","","Royal Gold Polish Silver Shimmering Diamond CZ & Ruby Haram Set with Teardrop Rubies","Jewellery / Womens / Temple Haram","3","43650","2048x2048","https://www.sreerasthusilvers.com/admin/products/3kmuy9ez1t9GrmCywhdV"
"Complete","","Classic Peacock & Goddess Lakshmi Necklace","Jewellery / Womens / temple necklace","3","19200","2048x2048","https://www.sreerasthusilvers.com/admin/products/Dkd4waKMwNHk10PTONt5"
"Complete","Same name as another product - check they are two different pieces","Divine Lakshmi Circular Motif CZ Silver Kante Necklace","Jewellery / Womens / temple necklace","3","32600","2048x2048","https://www.sreerasthusilvers.com/admin/products/QQ70dgp2KSAByXRosGyM"
"Complete","","Divine Murali Krishna CZ Studded Silver Long Festive Chain","Jewellery / Womens / temple necklace","3","20100","2048x2048","https://www.sreerasthusilvers.com/admin/products/sWxBdMEyqRGHCZkjFbZj"
"Complete","Same name as another product - check they are two different pieces","Electroforming light weight Royal Lakshmi Motif Silver Kante","Jewellery / Womens / temple necklace","3","36300","2048x2048","https://www.sreerasthusilvers.com/admin/products/bmieO3gpCi3eV388z5wr"
"Complete","Same name as another product - check they are two different pieces","Electroforming light weight Royal Lakshmi Motif Silver Kante","Jewellery / Womens / temple necklace","3","28500","2048x2048","https://www.sreerasthusilvers.com/admin/products/mbl2n1SDRqWagokhKQch"
"Complete","","Elegant Diamond-Cut Cubic Zirconia Riviera Chain and Stud Set","Jewellery / Womens / temple necklace","3","7750","2048x2048","https://www.sreerasthusilvers.com/admin/products/7jZU6SRjOXduuLFWuHFk"
"Complete","","Emerald Green and CZ White Lakshmi Festive Silver Necklace","Jewellery / Womens / temple necklace","3","35600","2048x2048","https://www.sreerasthusilvers.com/admin/products/2jBkggevtfrcFaEswNQ6"
"Complete","","Floral CZ Medallion Silver Gold Polish Necklace","Jewellery / Womens / temple necklace","3","20800","2048x2048","https://www.sreerasthusilvers.com/admin/products/bG54gAkPJjkdTFIdEQEX"
"Complete","","Gold-Polished Silver Grand Antique Nakshi Peacock Necklace","Jewellery / Womens / temple necklace","3","17400","2048x2048","https://www.sreerasthusilvers.com/admin/products/F6ChA7RgrGEJ5cw5a4eZ"
"Complete","Same name as another product - check they are two different pieces","Heritage Gold-Polished Silver Peacock Pendant Choker in Ruby & Emerald","Jewellery / Womens / temple necklace","4","23550","2048x2048","https://www.sreerasthusilvers.com/admin/products/4K9lC5xcV4QFSWn7UWTu"
"Complete","Same name as another product - check they are two different pieces","Heritage Gold-Polished Silver Peacock Pendant Choker in Ruby & Emerald","Jewellery / Womens / temple necklace","3","23800","2048x2048","https://www.sreerasthusilvers.com/admin/products/q84hGPsOcFp7OUuMZSMf"
"Complete","","Imperial Emerald and CZ Silver Choker with Mint Green Drop Beads","Jewellery / Womens / temple necklace","3","63500","2048x2048","https://www.sreerasthusilvers.com/admin/products/kXTr199g3mHIvxPF0mD4"
"Complete","","Mahalakshmi Antique 92.5 Silver Necklace with Gold Polish & Coral Pearl Drops","Jewellery / Womens / temple necklace","3","21400","2048x2048","https://www.sreerasthusilvers.com/admin/products/ftH9SV2ySMLBQ7KKvNi3"
"Complete","Same name as another product - check they are two different pieces","Majestic Regal CZ Silver necklace with Emerald Medallion","Jewellery / Womens / temple necklace","4","20500","2048x2048","https://www.sreerasthusilvers.com/admin/products/OTUlpxAyVdgZPphaShhW"
"Complete","Same name as another product - check they are two different pieces","Majestic Regal CZ Silver necklace with Emerald Medallion","Jewellery / Womens / temple necklace","4","55400","2048x2048","https://www.sreerasthusilvers.com/admin/products/rjT7oYCnI7UBHe4EndhM"
"Complete","","Royal Antique Silver Gold Polish Elephant Link Lakshmi Temple Necklace with Emerald & CZ Drop","Jewellery / Womens / temple necklace","4","24800","2048x2048","https://www.sreerasthusilvers.com/admin/products/fEnIs8SlzTQ2JyzCWRfl"
"Complete","","Royal Antique Silver Gold Polish Peacock & CZ Floral Rosette Temple Necklace with Coral Drop","Jewellery / Womens / temple necklace","3","28900","2048x2048","https://www.sreerasthusilvers.com/admin/products/Bwe8D9g1CYGwTet5kZPE"
"Complete","","Royal Antique Silver Gold Polish Ram Parivar & Lakshmi Kasu necklace","Jewellery / Womens / temple necklace","3","31500","2048x2048","https://www.sreerasthusilvers.com/admin/products/mVqLHwWte5gnSnQ9O9FE"
"Complete","","Royal Goddess Lakshmi Medallion Antique Silver Bridal Necklace","Jewellery / Womens / temple necklace","3","61500","2048x2048","https://www.sreerasthusilvers.com/admin/products/Au8j7snxy8dWhJnAt85q"
"Complete","","Royal Goddess Lakshmi Motif Antique Silver Festive Necklace","Jewellery / Womens / temple necklace","3","20600","2048x2048","https://www.sreerasthusilvers.com/admin/products/vgNY08FjhfO5Cqpidq1h"
"Complete","","Royal Imperial Diamond-Cut CZ & Emerald Geometric Silver Choker Set","Jewellery / Womens / temple necklace","3","47900","2048x2048","https://www.sreerasthusilvers.com/admin/products/LLvqHfMcWgiORxEdUjBN"
"Complete","Same name as another product - check they are two different pieces","Royal Lakshmi Motif Silver necklace with Coral Red Accents","Jewellery / Womens / temple necklace","5","25200","2048x2048","https://www.sreerasthusilvers.com/admin/products/9hpHEkQX9at6Us2ZviGe"
"Complete","Same name as another product - check they are two different pieces","Royal Lakshmi Motif Silver necklace with Coral Red Accents","Jewellery / Womens / temple necklace","5","25200","2048x2048","https://www.sreerasthusilvers.com/admin/products/i0AWrY08DxfSSflihOzG"
"Complete","","Royal Peacock Antique Necklace in 92.5 Sterling Silver with Gold Polish","Jewellery / Womens / temple necklace","3","16450","2048x2048","https://www.sreerasthusilvers.com/admin/products/KzLfSTvE4lg3Xfa9tkG9"
"Complete","","Silver Gold Polish Grand Peacock Emblem Temple Choker with Ghungroo Drops","Jewellery / Womens / temple necklace","3","26399.97","2048x2048","https://www.sreerasthusilvers.com/admin/products/fVstODuth5SzdQz7KX8O"
"Complete","","Royal Antique Silver Gold Polish Nakshi Continuous Peacock Vaddanam with Ruby Bead Clusters","Jewellery / Womens / vaddanam","5","90400","2048x2048","https://www.sreerasthusilvers.com/admin/products/ayDkyReLhc1I1o1cXAdV"
"Complete","","Royal Antique Silver Gold Polish Nakshi Lakshmi Peacock Vaddanam with Ghungroo & Pearl Drops","Jewellery / Womens / vaddanam","4","120000","2048x2048","https://www.sreerasthusilvers.com/admin/products/yDM7ja7JBX6jSOpoiPFh"
"Complete","","Royal Antique Silver Gold Polish Temple Three-Pavilion Architectural Waist Belt with Coral & Pearl Drops","Jewellery / Womens / vaddanam","4","225750","2048x2048","https://www.sreerasthusilvers.com/admin/products/3ax7Ee5c03QmaqjJUnN3"
"Complete","","Royal Multi-Tone Silver Gold Polish Lakshmi Peacock CZ Diamond Vaddanam with Ruby Beads","Jewellery / Womens / vaddanam","3","145600","2048x2048","https://www.sreerasthusilvers.com/admin/products/mTppPeHb4QSXPmhj3ucw"
"Complete","","Royal Two-Tone Silver Gold Polish CZ Diamond Bridal Vaddanam with Emerald & Jhumka Drops","Jewellery / Womens / vaddanam","3","149100","2048x2048","https://www.sreerasthusilvers.com/admin/products/NQ5ep9cMJFZQzSao08CW"
"Complete","Same name as another product - check they are two different pieces","92.5 Sterling Silver Clover Jewelry Watch with Multi-Texture Inlay Strap","Jewellery / Womens / watches","4","24000","2048x2048","https://www.sreerasthusilvers.com/admin/products/CJRvfad7dBEoaqViARba"
"Complete","Same name as another product - check they are two different pieces","92.5 Sterling Silver Clover Jewelry Watch with Multi-Texture Inlay Strap","Jewellery / Womens / watches","4","22250","2048x2048","https://www.sreerasthusilvers.com/admin/products/QlSmxmccy9S2UlSWreWu"
"Complete","","92.5 Sterling Silver Full Iced Baguette Halo Watch with Mother-of-Pearl Dial","Jewellery / Womens / watches","5","14300","2048x2048","https://www.sreerasthusilvers.com/admin/products/6HKtPgkZRrDrlMahwmjy"
"Complete","","92.5 Sterling Silver Women's Watch with Floral Rose Dial & Diamond-Cut Mesh Strap","Jewellery / Womens / watches","4","20750","2048x2048","https://www.sreerasthusilvers.com/admin/products/hNQgmU9p9BLsAvJt2ALq"
"Complete","","Eclipse Contemporary 92.5 Silver Luxury Watch – Rose Copper Gradient Edition","Jewellery / Womens / watches","4","16200","2048x2048","https://www.sreerasthusilvers.com/admin/products/Q29OmlGKcECSXin786h7"
"Complete","Same name as another product - check they are two different pieces","Enchanted Pixie 92.5 Silver Luxury Jewelry Watch – Rose Gold Edition","Jewellery / Womens / watches","4","25000","2048x2048","https://www.sreerasthusilvers.com/admin/products/apSNgnCgtux1LAfjLKlU"
"Complete","Same name as another product - check they are two different pieces","Enchanted Pixie 92.5 Silver Luxury Jewelry Watch – Rose Gold Edition","Jewellery / Womens / watches","4","29000","2048x2048","https://www.sreerasthusilvers.com/admin/products/fRlbdbpefCjJYn1yjPe6"
"Complete","","Gemstone Avant-Garde 92.5 Silver Luxury Watch – Rose Gold Finish","Jewellery / Womens / watches","4","22250","2048x2048","https://www.sreerasthusilvers.com/admin/products/tHUJR1WCGb6HFGdMwgDd"
"Complete","Same name as another product - check they are two different pieces","Roxerina 92.5 Sterling Silver Full Iced Out Watch – Gold Plated Pave Link Design","Jewellery / Womens / watches","4","30000","2048x2048","https://www.sreerasthusilvers.com/admin/products/BHNPxNTGyyaUd8NEe7Oc"
"Complete","Same name as another product - check they are two different pieces","Royal Gajra 92.5 Silver Ethnic Luxury Jewelry Watch – Rose Gold Finish","Jewellery / Womens / watches","3","24000","2048x2048","https://www.sreerasthusilvers.com/admin/products/4SjgVZSCo3X98UGWhngQ"