priority,status,product,category,price,product_page,photo_source_folder,product_id
"REVIEW","NO PHOTOS","999 Fine Silver Lord Balaji Statue with Intricate Arch & Tilak Detail | Divine Home Mandir Artifact","artifacts / balaji idol","7500","/product/DuZheVyISKCaGWsSD5Yh","","DuZheVyISKCaGWsSD5Yh"
"REVIEW","NO PHOTOS","999 Pure Silver Handcrafted Elephant Pair with Intricate Artistry | Luxury Silver Showpiece on Wooden Base","artifacts / elephants","2500","/product/Rf41Ehr4ttgYBEbGpL6U","","Rf41Ehr4ttgYBEbGpL6U"
"REVIEW","NO PHOTOS","999 Pure Silver Handcrafted Elephant Pair with Intricate Artistry | Luxury Silver Showpiece on Wooden Base","artifacts / elephants","6800","/product/VfVMuFTlAV0QtTnsQAOe","","VfVMuFTlAV0QtTnsQAOe"
"REVIEW","NO PHOTOS","999 Pure Silver Handcrafted Elephant Pair with Intricate Artistry | Luxury Silver Showpiece on Wooden Base","artifacts / elephants","3500","/product/iTqUupreExTQOBSJ4fVf","","iTqUupreExTQOBSJ4fVf"
"REVIEW","NO PHOTOS","Pure 999 Silver Decorative Elephant Statues (Set of 2)","artifacts / elephants","4000","/product/ZfTSNyV6V54jDIzayNDB","","ZfTSNyV6V54jDIzayNDB"
"REVIEW","NO PHOTOS","Pure 999 Silver Decorative Elephant Statues (Set of 2)","artifacts / elephants","3000","/product/cuDlEGWOS5h38MqZpDyB","","cuDlEGWOS5h38MqZpDyB"
"REVIEW","NO PHOTOS","Silver Ganesh","artifacts / pooja items","5500","/product/UkXoVieP1k8ajoKCqIGV","","UkXoVieP1k8ajoKCqIGV"
"REVIEW","NO PHOTOS","999 Fine Silver Carved Shankhu with Embossed Vinayagar Idol & Gold Highlights | Divine Mandir Decor","artifacts / shankam","2800","/product/WOMjgWMf64y2OByXz63z","","WOMjgWMf64y2OByXz63z"
"REVIEW","NO PHOTOS","999 Fine Silver Mounted Natural White Shankhu (Conch) | Divine Home Mandir Altar Decor","artifacts / shankam","3000","/product/LI1UfGovZUBXrgFPMeui","","LI1UfGovZUBXrgFPMeui"
"REVIEW","NO PHOTOS","Pure 999 Silver Decorative Om Shankh Idol for Pooja & Premium Gifting","artifacts / shankam","2299.93","/product/QE9WCQDWur1LoNGwUOKy","","QE9WCQDWur1LoNGwUOKy"
"REVIEW","NO PHOTOS","Pure 999 Silver Decorative Om Shankh Idol for Pooja & Premium Gifting","artifacts / shankam","4400","/product/sgY1rrhiRZZaLaPi3B8O","","sgY1rrhiRZZaLaPi3B8O"
"REVIEW","NO PHOTOS","Pure 999 Silver High-Relief Ganesha Conch Shell Idol for Pooja & Premium Gifting","artifacts / shankam","2600","/product/TWCb7L7xTLcCDfrFt6QM","","TWCb7L7xTLcCDfrFt6QM"
"REVIEW","NO PHOTOS","999 Fine Silver Antique Carved Tulasi Vrindavan Stand with Ornate Legs | Divine Home Pooja Decor","artifacts / tulasi pot","38000","/product/tSKRM7IK4O7uOzbmvwXd","","tSKRM7IK4O7uOzbmvwXd"
"REVIEW","NO PHOTOS","Handcrafted 999 Pure Silver Ashta Lakshmi Chowki on Wooden Base | Luxury Pooja & Vastu Mandir Artifact","artifacts / tulasi pot","12000","/product/88owGTYtx7wbZQKchlFD","","88owGTYtx7wbZQKchlFD"
"REVIEW","NO PHOTOS","Handcrafted 999 Pure Silver Radha Krishna Tulsi Vrindavan Shrine | Luxury Mandir Artifact on Wooden Base","artifacts / tulasi pot","8000","/product/gLd3DAEe55w82wAiMhF5","","gLd3DAEe55w82wAiMhF5"
"REVIEW","NO PHOTOS","Handcrafted 999 Pure Silver Tulsi Kota (Vrindavan) Idol on Polished Wooden Base | Luxury Mandir Artifact","artifacts / tulasi pot","6800","/product/yunbeE3PZWcnXBtK4kQj","","yunbeE3PZWcnXBtK4kQj"
"REVIEW","NO PHOTOS","92.5 Pure Sterling Silver Rudraksha Bracelet | Traditional Designer Silver Bracelet for Men","Mens / bracelets","33600","/product/YnMueSrouKq4ooosykfS","","YnMueSrouKq4ooosykfS"
"REVIEW","NO PHOTOS","pendent","Mens / pendents","7500","/product/30jSUpWRky76Zljt9rSr","","30jSUpWRky76Zljt9rSr"
"REVIEW","NO PHOTOS","92.5 Pure Silver Antique Gold Polish Screw bangles - Set of 2 with Goddess Lakshmi Engravings","Womens / BANGLES","37200","/product/JqMbOOcGsm1KVkzKCD37","","JqMbOOcGsm1KVkzKCD37"
"REVIEW","NO PHOTOS","92.5 Sterling Silver Alternating Gold & Rhodium Polish Bangles","Womens / BANGLES","19800","/product/w0rf1WYqmkBHz7aKytcP","","w0rf1WYqmkBHz7aKytcP"
"REVIEW","NO PHOTOS","Luxury  Gold Polish 92.5 Pure Silver Multi-Row Kemp Ruby Stone Bangles","Womens / BANGLES","29600","/product/JOrYEpCHuP08dSQPcLKT","","JOrYEpCHuP08dSQPcLKT"
"REVIEW","NO PHOTOS","92.5 Pure Sterling Silver Gold Polish Multicolor Beads Mala Necklace","Womens / beads mala","18700","/product/HiftPGOst04ZS3hknDLO","","HiftPGOst04ZS3hknDLO"
"REVIEW","NO PHOTOS","Classic Crimson Ruby Multi-Layered Fine Silver Festive Layering Mala","Womens / beads mala","23800","/product/6yFOgdTt2i5B6fP0pPGa","","6yFOgdTt2i5B6fP0pPGa"
"REVIEW","NO PHOTOS","92.5 Pure Silver Black Beads Mangalsutra Necklace with Blue Heart & CZ Leaf Design | Gold Polish","Womens / black beads","4200","/product/PyIyVOXewWjTvSqeCNsd","","PyIyVOXewWjTvSqeCNsd"
"REVIEW","NO PHOTOS","Divine balaji & Red Coral Double-Strand 92.5 Sterling Silver Gold-Polished Mangalsutra","Womens / black beads","8500","/product/5heLdWBeMMCXeNyyDbQT","","5heLdWBeMMCXeNyyDbQT"
"REVIEW","NO PHOTOS","92.5 Pure Sterling Silver Gold Polish Grand Lakshmi Bridal Haram Set | Antique Temple Jewellery with Ruby CZ Stones","Womens / BRIDAL SET","111000","/product/bnslUrEnnyP9fTuVcsR4","","bnslUrEnnyP9fTuVcsR4"
"REVIEW","NO PHOTOS","92.5 Pure Sterling Silver Gold Polish Grand Lakshmi Bridal Necklace Set | Antique Temple Haram with Coral Beads & Peacock Motifs","Womens / BRIDAL SET","235100","/product/6UxYKjaVPfistzBmMV5U","","6UxYKjaVPfistzBmMV5U"
"REVIEW","NO PHOTOS","92.5 Pure Sterling Silver Gold Polish Lakshmi Bridal Jada Billa | Antique Temple Hair Accessory with Pearl Drops","Womens / BRIDAL SET","81149.97","/product/Blo6EVzReQL6s6zMZM0y","","Blo6EVzReQL6s6zMZM0y"
"REVIEW","NO PHOTOS","92.5 Pure Silver Gold Polish Peacock Stud Earrings with CZ Stones","Womens / earrings","6100","/product/48TfDoNsaWW9cirY2RF7","","48TfDoNsaWW9cirY2RF7"
"REVIEW","NO PHOTOS","92.5 Pure Silver Gold-Plated Lakshmi  Clover Studs with CZ Accents","Womens / earrings","6000","/product/hjyftSMsTLi0xcI1low9","","hjyftSMsTLi0xcI1low9"
"REVIEW","NO PHOTOS","decrease the size of the earrings a little bit small","Womens / earrings","6400","/product/8QiGXV8MSVrQ3xIlB68P","","8QiGXV8MSVrQ3xIlB68P"
"REVIEW","NO PHOTOS","oyal Goddess Lakshmi CZ Encrusted Chand-Style & pearl drop Earrings with Star Stud","Womens / earrings","15200","/product/IIXK0lH5PnBlwbODcBC6","","IIXK0lH5PnBlwbODcBC6"
"REVIEW","NO PHOTOS","Blossom Branch Ear Climbers – 92.5 Pure Sterling Silver in Gold Polish","Womens / kaans","3400","/product/TE35wmzhSNyxNOLsyEQF","","TE35wmzhSNyxNOLsyEQF"
"REVIEW","NO PHOTOS","92.5 Sterling Silver Sapphire Blue Teardrop Necklace Set with Bracelet & Ring","Womens / Necklace","19300","/product/KXTukFsUokue83BSgrPQ","","KXTukFsUokue83BSgrPQ"
"REVIEW","NO PHOTOS","Elegant Single Line Emerald Green CZ Silver Gold Polish Necklace","Womens / Necklace","8500","/product/VtvHpOnjuIPU5Y93CDcz","","VtvHpOnjuIPU5Y93CDcz"
"REVIEW","NO PHOTOS","Elite Rose Gold Polish Triple-Strand Collar Kante SetPendant","Womens / Necklace","18200","/product/VScJOlPGYMrs4PPDtd3Z","","VScJOlPGYMrs4PPDtd3Z"
"REVIEW","NO PHOTOS","Heritage Round Pearl beeds necklace Set","Womens / Necklace","38300","/product/uj8uShOiWRYD07QIeQBb","","uj8uShOiWRYD07QIeQBb"
"REVIEW","NO PHOTOS","Divine Grace 92.5 Sterling Silver Rudraksha Pendant","Womens / PENDENT","8200","/product/YEMJmCJkHEOutkDdvvHo","","YEMJmCJkHEOutkDdvvHo"
"REVIEW","NO PHOTOS","92.5 Pure Silver Gold-Plated Flower Pendant Set with Ruby Pink Kemp and CZ Halo","Womens / PENDENT SET","19600","/product/VvAuDtBKOmAaiBRNhnqL","","VvAuDtBKOmAaiBRNhnqL"
"REVIEW","NO PHOTOS","92.5 Pure Silver Gold-Plated Minimalist Pendant Set with Classic White CZ Halo","Womens / PENDENT SET","3300","/product/8gSxrmJjqnLQfpu2n7SV","","8gSxrmJjqnLQfpu2n7SV"
"REVIEW","NO PHOTOS","92.5 Sterling Silver Rose Gold Bow Charm Necklace Set","Womens / Rose Gold Necklace","21000","/product/YW1Cwn2T7Ej9HT1onEOs","","YW1Cwn2T7Ej9HT1onEOs"
"REVIEW","NO PHOTOS","Elegant Asymmetric Peach Floral CZ Silver Mesh Choker SetElegant Asymmetric Peach Floral CZ Silver Mesh Choker Set","Womens / stone necklace","30000","/product/msZctqmOy3lvQKPN9Gwv","","msZctqmOy3lvQKPN9Gwv"
"REVIEW","NO PHOTOS","Royal Antique Silver Gold Polish Continuous Seated Lakshmi Haram with Emerald & Ruby Kemp.","Womens / Temple Haram","32399.99","/product/lmJm9ynZfGnQreGXDpFW","","lmJm9ynZfGnQreGXDpFW"
"REVIEW","NO PHOTOS","Antique Style 92.5 Pure Silver Gold-Plated Necklace with Kemp Stones","Womens / temple necklace","22800","/product/ae2sTb1l4G1mgL0pCzkh","","ae2sTb1l4G1mgL0pCzkh"
"REVIEW","NO PHOTOS","Classic Lakshmi Motif Silver Gold Polish Festive Necklace","Womens / temple necklace","44500","/product/YUfX0pVZ6HJHOldMQaX3","","YUfX0pVZ6HJHOldMQaX3"
"REVIEW","NO PHOTOS","Classic Motif Silver Gold Polish Festive Necklace","Womens / temple necklace","20825","/product/zrCnmXXqjHhBCKafIi8q","","zrCnmXXqjHhBCKafIi8q"
"REVIEW","NO PHOTOS","Majestic Nakshi Peacock Silver Antique Necklace with Ruby Drops","Womens / temple necklace","70000","/product/EtfYCzD6TDi9imxtV2b3","","EtfYCzD6TDi9imxtV2b3"
"REVIEW","NO PHOTOS","Royal Floral CZ and Ruby Silver Choker with Gold Bead Drops","Womens / temple necklace","40700","/product/NaklyYp3hphy71a4rQS2","","NaklyYp3hphy71a4rQS2"
"REVIEW","NO PHOTOS","Royal Lakshmi CZ Bridal Silver Necklace with Ruby Pink Beads","Womens / temple necklace","43000","/product/LKyzxFIZ2i8U7YM4j10T","","LKyzxFIZ2i8U7YM4j10T"
"REVIEW","NO PHOTOS","Royal Peacock Motif Antique Silver Necklace with Gold Bead Drops","Womens / temple necklace","42000","/product/i6gElNmGSz05J8vaVNJZ","","i6gElNmGSz05J8vaVNJZ"
"REVIEW","NO PHOTOS","Statement Floral and Textured Gold Ball Silver Festive Necklace","Womens / temple necklace","70600","/product/24yQiux3OlOU0AcaI3cM","","24yQiux3OlOU0AcaI3cM"
"REVIEW","CHECK - low-confidence guess","92.5 Pure Sterling Silver Premium Belt Bracelet with Sparkling CZ Stones for Men","Mens / bands","21300","/product/LFuzY6Y41DHMhYnVugKj","ss/g bracelet/G_Bracelet_Product_13","LFuzY6Y41DHMhYnVugKj"
"REVIEW","CHECK - low-confidence guess","92.5 Sterling Silver Multi-Tone Luxury Link Bracelet with Stone Accents","Mens / bracelets","20250","/product/Bww3yPesX2lJShSvlnyw","ss/g bracelet/G_Bracelet_Product_16","Bww3yPesX2lJShSvlnyw"
"REVIEW","CHECK - low-confidence guess","92.5 Pure Silver Gold-Plated Designer Link Chain with Fine Filigree Detailing","Mens / chains","14700","/product/PuXqbnSXU5DLLYIdsOSf","ss/g chains/G_Chain_Product_20","PuXqbnSXU5DLLYIdsOSf"
"REVIEW","CHECK - low-confidence guess","92.5 Pure Silver Gold-Plated Designer Link Chain with Precision Star Cutouts","Mens / chains","16500","/product/3yYwF9Wqc7HXPlEw3MZ9","ss/g chains/G_Chain_Product_13","3yYwF9Wqc7HXPlEw3MZ9"
"REVIEW","CHECK - low-confidence guess","Imperial Stone Cluster 92.5 Sterling Silver Statement Ring","Mens / rings","2600","/product/bA6mG3R6cQn4o6noCN2V","ss/gents rings/Gents_Ring_Product_16","bA6mG3R6cQn4o6noCN2V"
"REVIEW","CHECK - low-confidence guess","92.5 Pure Sterling Silver Contemporary Textured Bead Payal Pair","Womens / anklets","8000","/product/pP87FoSAC2cdh6jnOhgR","ss/anklets/Anklet_Product_25","pP87FoSAC2cdh6jnOhgR"
"REVIEW","CHECK - low-confidence guess","Antique Gold-Plated Lakshmi & Kalash Temple Bangles with Ruby Kemp Stone","Womens / BANGLES","24050","/product/q6Ks5wU0zbYGzPOcowzi","ss/bangles/Bangle_Product_33","q6Ks5wU0zbYGzPOcowzi"
"REVIEW","CHECK - low-confidence guess","Handcrafted 92.5 Sterling Silver Geometric Emerald Glass & White Stone Bangles","Womens / BANGLES","11200","/product/UMdEEnw4p7Isc56Kfz8n","ss/bangles/Bangle_Product_26","UMdEEnw4p7Isc56Kfz8n"
"REVIEW","CHECK - low-confidence guess","Handcrafted 92.5 Sterling Silver Gold Polish Divine Peacock Kemp Bangle Set","Womens / BANGLES","22700","/product/dpzTtJHVSxhlRFpB7FKh","ss/bangles/Bangle_Product_27","dpzTtJHVSxhlRFpB7FKh"
"REVIEW","CHECK - low-confidence guess","92.5 Pure Silver Black Beads Mangalsutra for Women | Gold Finish Pearl Bead Designer Daily Wear Mangalsutra","Womens / black beads","3600","/product/t1BRbgyTmjWjd21Z8ONM","mangalsutra/Mangalsutra_036","t1BRbgyTmjWjd21Z8ONM"
"REVIEW","CHECK - low-confidence guess","92.5 Pure Silver Black Beads Mangalsutra for Women | Traditional Gold Finish Designer","Womens / black beads","3600","/product/OLSxc7UvWlTsV2GGtRZR","mangalsutra/Mangalsutra_005","OLSxc7UvWlTsV2GGtRZR"
"REVIEW","CHECK - low-confidence guess","Shimmering Pear-Cut Charm Black Beads 92.5 Pure Silver gold polish Festive Necklace","Womens / black beads","5400","/product/1Yn0HB9VuvQ4MEKm08tc","mangalsutra/Mangalsutra_031","1Yn0HB9VuvQ4MEKm08tc"
"REVIEW","CHECK - low-confidence guess","92.5 Sterling Silver Rose Gold Plated Micro-Pave  heart Bracelet","Womens / bracelets","6400","/product/WecLaCQSIGqHzvFAZU0n","ss/l bracelets/L_Bracelet_Product_11","WecLaCQSIGqHzvFAZU0n"
"REVIEW","CHECK - low-confidence guess","92.5 Pure Silver Premium Braided Charm Chain Necklace for Women","Womens / chains","6000","/product/GNa71Sgl4UdlbYRz5PjN","ss/g chains/G_Chain_Product_21_High-Finish Woven Foxtail Franco 92.5 Sterling Silver Luxury Chain","GNa71Sgl4UdlbYRz5PjN"
"REVIEW","CHECK - low-confidence guess","92.5 Sterling Silver Rose Gold Plated White Enamel Flower Bracelet","Womens / chains","2200","/product/r61se06vMvKvqeB8pRUY","ss/charm chains/Charm_Chain_Product_04","r61se06vMvKvqeB8pRUY"
"REVIEW","CHECK - low-confidence guess","92.5 Pure Silver Gold-Plated Lakshmi Chandelier Drops with Ruby Kemp and CZ Borders","Womens / earrings","6000","/product/lZIHRinNQbq0VIH4kMxg","ss/earrings/Earring_112","lZIHRinNQbq0VIH4kMxg"
"REVIEW","CHECK - low-confidence guess","Blooming Cross Multi-Gold Polish Textured 925 Silver Statement Ring","Womens / Rings","5300","/product/Xoe0kZIhkQlHWnz0TjW0","ladies rings/Ring_013","Xoe0kZIhkQlHWnz0TjW0"
"REVIEW","CHECK - low-confidence guess","Imperial Grace Oval Cut American Diamond Broad Band 925 Silver Statement Ring","Womens / Rings","3000","/product/B37hy2F8QzSks9uguah9","ladies rings/Ring_075","B37hy2F8QzSks9uguah9"
"REVIEW","CHECK - low-confidence guess","Modern Geometric 92.5 Sterling Silver Men's Band Ring with Baguette Accents","Womens / Rose Gold Necklace","14250","/product/Pai6Vh0lnap3E2MjpuCN","ss/gents rings/Gents_Ring_Product_06","Pai6Vh0lnap3E2MjpuCN"
"REVIEW","CHECK - low-confidence guess","Grand Divine Lakshmi Ghungroo Drop Silver Gold-Plated Long Haram","Womens / Temple Haram","51900","/product/ftQTppP9CuJpfkWkX3Zd","temple necklaces/Necklace_050","ftQTppP9CuJpfkWkX3Zd"
"REVIEW","CHECK - low-confidence guess","Royal Gajra 92.5 Silver Ethnic Luxury Jewelry Watch – Rose Gold Finish","Womens / watches","10000","/product/efIWeTAw2U4Qo7QeIwj2","watches/Watch_014_92.5 Sterling Silver Antique Temple-Style Watch with Seafoam Green Dial","efIWeTAw2U4Qo7QeIwj2"
"REVIEW","CHECK - copied from same-named sibling piece","Enchanted Garden Multi-Color Rose & CZ Silver Necklace Set","Womens / Necklace","10900","/product/gP2X7tntPb0KlEgJoS6p","(copied from ssYmzQoAfGqOUVE3JGS1)","gP2X7tntPb0KlEgJoS6p"
"REVIEW","CHECK - copied from same-named sibling piece","Electroforming light weight Royal Lakshmi Motif Silver Kante","Womens / temple necklace","36300","/product/bmieO3gpCi3eV388z5wr","(copied from mbl2n1SDRqWagokhKQch)","bmieO3gpCi3eV388z5wr"
"REVIEW","CHECK - copied from same-named sibling piece","Royal Lakshmi Motif Silver necklace with Coral Red Accents","Womens / temple necklace","25200","/product/i0AWrY08DxfSSflihOzG","(copied from 9hpHEkQX9at6Us2ZviGe)","i0AWrY08DxfSSflihOzG"
"REVIEW","CHECK - medium-confidence visual match","92.5 Pure Silver Diamond-Cut Designer Belt Band Bracelet with Gold Accents","Mens / bands","11700","/product/gFbByc3HdKM6z15Dh65H","ss/g bracelet/G_Bracelet_Product_12","gFbByc3HdKM6z15Dh65H"
"REVIEW","CHECK - medium-confidence visual match","92.5 Pure Silver Rose Gold Designer Belt Band Bracelet for Men | Premium CZ Stone Bracelet","Mens / bands","2800","/product/Ot9CfQvfRgxIhFsMy5D7","ss/g bracelet/G_Bracelet_Product_14","Ot9CfQvfRgxIhFsMy5D7"
"REVIEW","CHECK - medium-confidence visual match","92.5 Pure Sterling Silver Black Stone Belt Bracelet for Men","Mens / bands","21200","/product/LfEAOw721KohPVJCjXR6","ss/g bracelet/G_Bracelet_Product_08","LfEAOw721KohPVJCjXR6"
"REVIEW","CHECK - medium-confidence visual match","Shimmering Marquise Leaf Branch 92.5 Pure Silver Ear Cuffs","Mens / bands","4500","/product/Hbt8Rw6FAsxt6LgI6qn0","ss/kaan/Kaan_Product_11_S-Curve Shimmering Vine 92.5 Sterling Silver Gold-Plated Kaans","Hbt8Rw6FAsxt6LgI6qn0"
"REVIEW","CHECK - medium-confidence visual match","92.5 Sterling Silver Dual-Tone Men's Link Bracelet with Gold Accents","Mens / bracelets","15200","/product/bkNJWiKNEsdUIutaBBnI","ss/g bracelet/G_Bracelet_Product_15","bkNJWiKNEsdUIutaBBnI"
"REVIEW","CHECK - medium-confidence visual match","92.5 Sterling Silver Leaping Jaguar ID Link Bracelet with Stone Borders","Mens / bracelets","15600","/product/K8RFg3XIAaRnzYvydQWb","ss/g bracelet/G_Bracelet_Product_23","K8RFg3XIAaRnzYvydQWb"
"REVIEW","CHECK - medium-confidence visual match","92.5 Sterling Silver Men's Jubilee Watch-Link Bracelet","Mens / bracelets","14500","/product/ZOeQOPQ51t7hSe9tlCAU","ss/g bracelet/G_Bracelet_Product_26","ZOeQOPQ51t7hSe9tlCAU"
"REVIEW","CHECK - medium-confidence visual match","92.5 Sterling Silver Multi-Tone Men's Link Bracelet","Mens / bracelets","14000","/product/vaiaBoJh5GxVmmKhIdK5","ss/g bracelet/G_Bracelet_Product_27","vaiaBoJh5GxVmmKhIdK5"
"REVIEW","CHECK - medium-confidence visual match","92.5 Sterling Silver Multi-Tone Men's Link Bracelet – Textured Gold & Silver Mesh","Mens / bracelets","18300","/product/beCYpD1XQ717qOOSeS15","ss/g bracelet/G_Bracelet_Product_24","beCYpD1XQ717qOOSeS15"
"REVIEW","CHECK - medium-confidence visual match","Premium 925 Pure Silver Gold-Plated & Diamond-Cut CZ Luxury Gents Bracelet","Mens / bracelets","17350","/product/5jjd0xhr3HPMxMLcnbxM","ss/g bracelet/G_Bracelet_Product_17","5jjd0xhr3HPMxMLcnbxM"
"REVIEW","CHECK - medium-confidence visual match","92.5 Pure Sterling Silver Precision Diamond-Cut Neck Chain with Premium Rhodium Finish","Mens / chains","18000","/product/DgAejGOb5quqCQ7VRqWa","ss/g chains/G_Chain_Product_08_92.5 Pure Sterling Silver Woven Rope Chain with Interspersed Accent Beads and Rhodium Finish","DgAejGOb5quqCQ7VRqWa"
"REVIEW","CHECK - medium-confidence visual match","92.5 Pure Sterling Silver Precision Diamond-Cut Neck Chain with Premium Rhodium Finish","Mens / chains","9500","/product/zMUdLOdJrTApXWNDSMRf","ss/g chains/G_Chain_Product_07_Shimmering Faceted Micro-Bead 92.5 Pure Silver Unisex Neck Chain","zMUdLOdJrTApXWNDSMRf"
"REVIEW","CHECK - medium-confidence visual match","92.5 Sterling Silver Ring with Black Enamel Inlay","Mens / rings","2200","/product/u1XftQ9xg2hL1OMGrGLo","ss/gents rings/Gents_Ring_Product_11","u1XftQ9xg2hL1OMGrGLo"
"REVIEW","CHECK - medium-confidence visual match","Gold-Plated 92.5 Sterling Silver Men's Solitaire Signet Ring","Mens / rings","3300","/product/6TkPvcyi6gEVK9vmVc65","ss/gents rings/Gents_Ring_Product_04","6TkPvcyi6gEVK9vmVc65"
"REVIEW","CHECK - medium-confidence visual match","Gold-Plated 92.5 Sterling Silver Men's Solitaire Signet Ring","Mens / rings","2600","/product/yfndBG264ML4pGHV1c5h","ss/gents rings/Gents_Ring_Product_04","yfndBG264ML4pGHV1c5h"
"REVIEW","CHECK - medium-confidence visual match","Imperial Stone Cluster 92.5 Sterling Silver Statement Ring","Mens / rings","2600","/product/AJJBa6yVKPm4yI5FMFiy","ss/gents rings/Gents_Ring_Product_01","AJJBa6yVKPm4yI5FMFiy"
"REVIEW","CHECK - medium-confidence visual match","Timeless Three-Stone 92.5 Sterling Silver Gold-Plated Ring","Mens / rings","3400","/product/HuMlz7yeChCD5TEefoMd","ss/gents rings/Gents_Ring_Product_13","HuMlz7yeChCD5TEefoMd"
"REVIEW","CHECK - medium-confidence visual match","92.5 Pure Silver Vibrant Heart Drop Payal Pair with Pink & Green Accents","Womens / anklets","16000","/product/QRyfXuwwdZsDKWum6NBp","ss/anklets/Anklet_Product_05","QRyfXuwwdZsDKWum6NBp"
"REVIEW","CHECK - medium-confidence visual match","92.5 Pure Sterling Silver Mixed Motif Payal Pair featuring Butterfly, Floral, & Leaf Beads","Womens / anklets","19600","/product/7Eok62JuO2CWwU1nYf7Y","ss/anklets/Anklet_Product_13","7Eok62JuO2CWwU1nYf7Y"
"REVIEW","CHECK - medium-confidence visual match","Authentic 92.5 Pure Silver Traditional Layered Step Anklets Set","Womens / anklets","6900","/product/3DXUzTZhnqOkZ8PT9xBi","ss/anklets/Anklet_Product_04","3DXUzTZhnqOkZ8PT9xBi"
"REVIEW","CHECK - medium-confidence visual match","Premium 92.5 Pure Silver Dainty Abstract Statement Anklet Set","Womens / anklets","7000","/product/7TWRHh28pAbHUHAGqLL8","ss/anklets/Anklet_Product_37","7TWRHh28pAbHUHAGqLL8"
"REVIEW","CHECK - medium-confidence visual match","Premium 92.5 Pure Silver Dainty Charm Anklet Set","Womens / anklets","7300","/product/LymSDftWflj1CHEfQ395","ss/anklets/Anklet_Product_36","LymSDftWflj1CHEfQ395"
"REVIEW","CHECK - medium-confidence visual match","Premium 92.5 Pure Silver Dainty Geometric Charm Anklet Set","Womens / anklets","7600","/product/RdDPMHEYWexhCAmPCc0x","ss/anklets/Anklet_Product_30","RdDPMHEYWexhCAmPCc0x"
"REVIEW","CHECK - medium-confidence visual match","Premium 92.5 Pure Silver Dainty Patterned Bead Anklet Set","Womens / anklets","24000","/product/lWWZyhJkt0m7JvnszGUU","ss/anklets/Anklet_Product_35","lWWZyhJkt0m7JvnszGUU"
"REVIEW","CHECK - medium-confidence visual match","Premium 92.5 Pure Silver Rose Gold Plated Box Chain Anklets Set","Womens / anklets","28100","/product/ReOwSODXeWljcR4WvzAV","ss/anklets/Anklet_Product_29","ReOwSODXeWljcR4WvzAV"
"REVIEW","CHECK - medium-confidence visual match","Sree Rastu Silvers 92.5 Pure Silver Floral CZ Payal / Bridal Anklets","Womens / anklets","12150","/product/gHjG5OmjEK7aWiGKFCxE","ss/anklets/Anklet_Product_26","gHjG5OmjEK7aWiGKFCxE"
"REVIEW","CHECK - medium-confidence visual match","Two-Tone Rose Gold polish 92.5 Pure Sterling Silver Geometric Clover & Disc Payal Pair","Womens / anklets","7300","/product/iZQfs3N1IkG71vOclT7E","ss/anklets/Anklet_Product_24","iZQfs3N1IkG71vOclT7E"
"REVIEW","CHECK - medium-confidence visual match","92.5 Pure Silver Floral purple and CZ Designer Cuff Band Bracelet","Womens / bands","3000","/product/wlYcylH0M5rwvc1F1Xrz","ss/l bracelets/L_Bracelet_Product_03_92.5 Pure Silver Rose Gold Geometric CZ Designer Cuff Band Bracelet","wlYcylH0M5rwvc1F1Xrz"
"REVIEW","CHECK - medium-confidence visual match","92.5 Pure Silver Gold Polish Antique Designer bangles | Intricate Floral & Beaded Work Bangle","Womens / BANGLES","26199.96","/product/j6Kys8vDWozZYXK4T9Gx","ss/bangles/Bangle_Product_13","j6Kys8vDWozZYXK4T9Gx"
"REVIEW","CHECK - medium-confidence visual match","92.5 Pure Silver Gold-Plated Royal Ruby Floral Bangles","Womens / BANGLES","19200","/product/v2Aifc0YDAAIh96inghn","ss/bangles/Bangle_Product_19","v2Aifc0YDAAIh96inghn"
"REVIEW","CHECK - medium-confidence visual match","Antique Gold-Plated Botanical Leaf Filigree Bangles with Ruby Kemp Accents","Womens / BANGLES","23650","/product/0nwNyEDUk8k1Bx5QswkO","ss/bangles/Bangle_Product_11","0nwNyEDUk8k1Bx5QswkO"
"REVIEW","CHECK - medium-confidence visual match","92.5 Pure Silver Black Beads Mangalsutra Necklace for Women | Elegant CZ Designer Daily Wear Mangalsutra","Womens / black beads","5600","/product/IMtSbRKG4E5FtPiqT1to","mangalsutra/Mangalsutra_055","IMtSbRKG4E5FtPiqT1to"
"REVIEW","CHECK - medium-confidence visual match","92.5 Pure Silver Gold-Plated Mangalsutra Necklace with Textured Metal Beads","Womens / black beads","3700","/product/ZNqeJybHKFYfGWCJTOff","mangalsutra/Mangalsutra_044","ZNqeJybHKFYfGWCJTOff"
"REVIEW","CHECK - medium-confidence visual match","92.5 Pure Sterling Silver Gold-Plated Mangalsutra with Curved Crystal Circle Pendant","Womens / black beads","4000","/product/KYRfOFCupRf6iSHKBBPy","mangalsutra/Mangalsutra_033","KYRfOFCupRf6iSHKBBPy"
"REVIEW","CHECK - medium-confidence visual match","92.5 Sterling Silver Rose Gold Plated Paisley Solitaire Bracelet","Womens / bracelets","6750","/product/QNaFT40MqAUkUpY35RKd","ss/l bracelets/L_Bracelet_Product_12","QNaFT40MqAUkUpY35RKd"
"REVIEW","CHECK - medium-confidence visual match","92.5 Pure Silver Heartbeat Heart Charm Chain Necklace","Womens / chains","1900","/product/CmOfSGyhecKVxLiCtr2u","ss/charm chains/Charm_Chain_Product_11","CmOfSGyhecKVxLiCtr2u"
"REVIEW","CHECK - medium-confidence visual match","92.5 Pure Sterling Silver Rose Gold Pendant Charm Chain with Matching Earrings","Womens / chains","4200","/product/cqpYgzpkPxCR579DZTX2","ss/charm chains/Charm_Chain_Product_18","cqpYgzpkPxCR579DZTX2"
"REVIEW","CHECK - medium-confidence visual match","92.5 Sterling Silver Rose Gold Plated Multi-Charm Heart Necklace","Womens / chains","2400","/product/MJMUhzQwyf8N7oNgLTAq","ss/charm chains/Charm_Chain_Product_21","MJMUhzQwyf8N7oNgLTAq"
"REVIEW","CHECK - medium-confidence visual match","92.5 Sterling Silver Rose Gold Plating Crown Multi-Charm Necklace","Womens / chains","2400","/product/XdOReUv9RuvHsrLSffrd","ss/charm chains/Charm_Chain_Product_23","XdOReUv9RuvHsrLSffrd"
"REVIEW","CHECK - medium-confidence visual match","92.5 Sterling Silver Rose Gold Plating Crown Multi-Charm Necklace","Womens / chains","2800","/product/l5KAL7bfpsKrQCPlYNsn","ss/charm chains/Charm_Chain_Product_22","l5KAL7bfpsKrQCPlYNsn"
"REVIEW","CHECK - medium-confidence visual match","Classic Heavy Four-Sided Chevron 92.5 Pure Silver Statement Chain","Womens / chains","18800","/product/zKIX3lcU9CFM6k3FZqKN","ss/g chains/G_Chain_Product_16","zKIX3lcU9CFM6k3FZqKN"
"REVIEW","CHECK - medium-confidence visual match","92.5 Pure Silver  Flower Studs with Carved Pastel Blossom, CZ Halo, and Pearl Drops","Womens / earrings","4950","/product/IIYztznqkvzypqlx25t0","ss/earrings/Earring_067","IIYztznqkvzypqlx25t0"
"REVIEW","CHECK - medium-confidence visual match","92.5 Pure Silver Gold-Plated Lakshmi Chandelier Drops with Ruby Kemp and CZ Borders","Womens / earrings","10799.98","/product/WJXJ73rLvRSQK5SCqycU","ss/earrings/Earring_113","WJXJ73rLvRSQK5SCqycU"
"REVIEW","CHECK - medium-confidence visual match","92.5 Pure Silver Gold-Plated Round Flower Studs with Emerald Green and CZ Stones","Womens / earrings","6100","/product/9XWRdOxcPnEIhtCvFGFP","ss/earrings/Earring_084","9XWRdOxcPnEIhtCvFGFP"
"REVIEW","CHECK - medium-confidence visual match","92.5 Sterling Silver Dual-Tone Beaded Drop Earrings","Womens / earrings","5900","/product/Jfm9RRGQHgr4aWblHLH4","ss/earrings/Earring_048","Jfm9RRGQHgr4aWblHLH4"
"REVIEW","CHECK - medium-confidence visual match","Divine Peacock Motif Carved Nakshi Silver Jhumka Earrings","Womens / earrings","12650","/product/ZjrmLc3GQoHsGWtgi7Co","ss/earrings/Earring_101","ZjrmLc3GQoHsGWtgi7Co"
"REVIEW","CHECK - medium-confidence visual match","Gold Polish Twin Peacock Silver Earrings with Pearl Clusters","Womens / earrings","7100","/product/0CE04VRgLZOT9dSpf7CL","ss/earrings/Earring_114","0CE04VRgLZOT9dSpf7CL"
"REVIEW","CHECK - medium-confidence visual match","Silver Ombré Heart Studs","Womens / earrings","3750","/product/3G8IJi2SYosiraLmfabB","ss/earrings/Earring_014_92.5 Silver Ombre Heart Studs Pink","3G8IJi2SYosiraLmfabB"
"REVIEW","CHECK - medium-confidence visual match","Shimmering Marquise Leaf Branch 92.5 Pure Silver Ear Cuffs","Womens / kaans","3400","/product/Jg0HitZ2c2viZPzYDtbi","ss/kaan/Kaan_Product_11_S-Curve Shimmering Vine 92.5 Sterling Silver Gold-Plated Kaans","Jg0HitZ2c2viZPzYDtbi"
"REVIEW","CHECK - medium-confidence visual match","92.5 Pure Silver Gold Polish Dual Layer Kante Necklace with Grey Crystal Beads","Womens / kante","4550","/product/UVFS2bpglxxYHEsyZOyB","ss/kante/Kante_Product_03","UVFS2bpglxxYHEsyZOyB"
"REVIEW","CHECK - medium-confidence visual match","CZ Clover Silver neclace Set with Hanging Pearl Drops","Womens / Necklace","10500","/product/8GXI2xvwweUxKUN4DChc","rose gold and fancy necklaces/Necklace_042","8GXI2xvwweUxKUN4DChc"
"REVIEW","CHECK - medium-confidence visual match","CZ Clover Silver neclace Set with Hanging Pearl Drops","Womens / Necklace","14000","/product/RsltL9g012Zrq4vF6KVp","rose gold and fancy necklaces/Necklace_042","RsltL9g012Zrq4vF6KVp"
"REVIEW","CHECK - medium-confidence visual match","Divine Lakshmi Circular Motif CZ Silver Kante Necklace","Womens / Necklace","26500","/product/t0opBnC7hqELFnUKJFTj","temple necklaces/Necklace_039_ParrotsPaveLakshmiPendant","t0opBnC7hqELFnUKJFTj"
"REVIEW","CHECK - medium-confidence visual match","Elegant Gold-Polished Silver Twin-Strand Ruby Step Necklace","Womens / Necklace","18400","/product/JYfaA6T5RCtmhB5tRrzY","set2/Set_006_RubyTennisChainNecklace","JYfaA6T5RCtmhB5tRrzY"
"REVIEW","CHECK - medium-confidence visual match","Elegant Shell Flower Blossom Rose Gold Silver Choker Set","Womens / Necklace","10450","/product/8PsJUSliGbW9aMqF1KR9","rose gold and fancy necklaces/Necklace_016","8PsJUSliGbW9aMqF1KR9"
"REVIEW","CHECK - medium-confidence visual match","Elegant Single Line CZ Floral Cluster Chain Silver Gold-Polish necklace","Womens / Necklace","20400","/product/ZmTB09kQcPkYqHQywY74","ss/dia replica/Dia_Replica_Product_07","ZmTB09kQcPkYqHQywY74"
"REVIEW","CHECK - medium-confidence visual match","Elegant Single Line CZ Infinity Scroll Chain Silver Gold-Plated necklace","Womens / Necklace","13500","/product/rib5fQLTkWvogNYxs49Y","ss/dia replica/Dia_Replica_Product_01","rib5fQLTkWvogNYxs49Y"
"REVIEW","CHECK - medium-confidence visual match","Elegant Teardrop Halo CZ Rose Gold Polish Necklace Set","Womens / Necklace","7900","/product/suotL3qN0Ond52YygFIE","rose gold and fancy necklaces/Necklace_009","suotL3qN0Ond52YygFIE"
"REVIEW","CHECK - medium-confidence visual match","Gold-Polished Silver Grand Antique Nakshi Lakshmi Temple Necklace with Ruby Beads","Womens / Necklace","26800","/product/MZS2I1MB8I3l5Td4Mn0i","temple necklaces/Necklace_021","MZS2I1MB8I3l5Td4Mn0i"
"REVIEW","CHECK - medium-confidence visual match","Infinity Pearl Necklace Set in 92.5 Sterling Silver with Rose Gold Polish","Womens / Necklace","9900","/product/cASFGNfWZBsRxymgAleS","rose gold and fancy necklaces/Necklace_041","cASFGNfWZBsRxymgAleS"
"REVIEW","CHECK - medium-confidence visual match","Royal Antique Silver Gold Polish Kemp Studded Bud Motif Necklace","Womens / Necklace","8650","/product/O0170E5X1rYO4rvnmFEx","temple necklaces/Necklace_038","O0170E5X1rYO4rvnmFEx"
"REVIEW","CHECK - medium-confidence visual match","Gold Polish Twin Peacock Silver Earrings with Pearl Clusters","Womens / PENDENT","20500","/product/x0WTHanEQxUbRAcSy9OJ","ss/earrings/Earring_114","x0WTHanEQxUbRAcSy9OJ"
"REVIEW","CHECK - medium-confidence visual match","Majestic Diamond-Cut CZ Encrusted Mayur Motif Pendant with Emerald Drops","Womens / PENDENT","11700","/product/ZEDKhkvdIRxkvRuA9yCm","pendants/Pendant_046","ZEDKhkvdIRxkvRuA9yCm"
"REVIEW","CHECK - medium-confidence visual match","Solid Oxidized Silver Divine Lord Venkateswara Lakshmi Balaji Pendant","Womens / PENDENT","5200","/product/98PAkP50lNrT2mm9AKMh","pendants/Pendant_095","98PAkP50lNrT2mm9AKMh"
"REVIEW","CHECK - medium-confidence visual match","92.5 Pure Silver Grand Chandelier Pendant Set with Ruby Pink Kemp and Pearl Hangings","Womens / PENDENT SET","3099.99","/product/VDOxB4YwZAb6XB146tm4","pendants/Pendant_018","VDOxB4YwZAb6XB146tm4"
"REVIEW","CHECK - medium-confidence visual match","Geometric Brick Pavé Flat-Top Signet Ring in 92.5 Sterling Silver","Womens / Rings","3200","/product/mheWW5QoTmOMVp5psett","ladies rings/Ring_026","mheWW5QoTmOMVp5psett"
"REVIEW","CHECK - medium-confidence visual match","Mosaic Brilliance Tri-Color Baguette 925 Silver Cocktail Ring","Womens / Rings","3200","/product/AN9hpO4m2rcFWCVoJZbV","ladies rings/Ring_010_Rainbow Baguette 92.5 Pure Silver Multi-Layer Band Ring","AN9hpO4m2rcFWCVoJZbV"
"REVIEW","CHECK - medium-confidence visual match","Multi-Tone Rose Gold and Yellow Gold Polish 92.5 Sterling Silver Flower Cocktail Ring","Womens / Rings","7300","/product/ei68V0zBA0rh6eHgbP8H","ladies rings/Ring_015_Tri-Color Rose Gold and Yellow Gold Polish 92.5 Sterling Silver Abstract Clover Ring","ei68V0zBA0rh6eHgbP8H"
"REVIEW","CHECK - medium-confidence visual match","Royal Heritage Dual-Tone Etched Blossom 92.5 Pure Silver Button Ring","Womens / Rings","2350","/product/QYQKfKNpIxu7tYDNKRDg","ladies rings/Ring_042","QYQKfKNpIxu7tYDNKRDg"
"REVIEW","CHECK - medium-confidence visual match","Grand Imperial gold polish Peacock Nakshi Kasu Long haram for Bridal Layering","Womens / Temple Haram","68400","/product/7qKhdnqPCuLjUPYzTXYf","temple necklaces/Necklace_044_SwirlCoinRubyDots","7qKhdnqPCuLjUPYzTXYf"
"REVIEW","CHECK - medium-confidence visual match","Grand sliver gold polish Continuous Rosette Link Lakshmi Haram with Pearl & Emerald Beads","Womens / Temple Haram","34500","/product/TNdd22vwStKO3XwbUnt2","temple necklaces/Necklace_048","TNdd22vwStKO3XwbUnt2"
"REVIEW","CHECK - medium-confidence visual match","Royal Antique Silver Gold Polish Nakshi Lakshmi Temple Haram","Womens / Temple Haram","46300","/product/haMoyE7pWMAJjZsBfzFo","temple necklaces/Necklace_041","haMoyE7pWMAJjZsBfzFo"
"REVIEW","CHECK - medium-confidence visual match","Royal Antique Silver Gold Polish Nakshi Seated Lakshmi Haram with Ruby Wheel Accents","Womens / Temple Haram","60599.98","/product/7MnDj1phfy8RCaW2pe1S","temple necklaces/Necklace_049","7MnDj1phfy8RCaW2pe1S"
"REVIEW","CHECK - medium-confidence visual match","Divine Grace in 92.5 Pure Silver Temple Jewelry","Womens / temple necklace","22800","/product/FQsXfaIBQqNNnEPAKRSR","temple necklaces/Necklace_027_SimpleMangoDropNecklace","FQsXfaIBQqNNnEPAKRSR"
"REVIEW","CHECK - medium-confidence visual match","Floral CZ Medallion Silver Gold Polish Necklace","Womens / temple necklace","20800","/product/bG54gAkPJjkdTFIdEQEX","temple necklaces/Necklace_022","bG54gAkPJjkdTFIdEQEX"
"REVIEW","CHECK - medium-confidence visual match","Gold-Polished Silver Grand Antique Nakshi Peacock Necklace","Womens / temple necklace","17400","/product/F6ChA7RgrGEJ5cw5a4eZ","temple necklaces/Necklace_034","F6ChA7RgrGEJ5cw5a4eZ"
"REVIEW","CHECK - medium-confidence visual match","Heritage Gold-Polished Silver Peacock Pendant Choker in Ruby & Emerald","Womens / temple necklace","23800","/product/q84hGPsOcFp7OUuMZSMf","temple necklaces/Necklace_017_PaveePaisleyClusterLakshmi","q84hGPsOcFp7OUuMZSMf"
"REVIEW","CHECK - medium-confidence visual match","Majestic Regal CZ Silver necklace with Emerald Medallion","Womens / temple necklace","20500","/product/OTUlpxAyVdgZPphaShhW","set2/Set_002_PaisleyMedallionEmeraldPearlNecklace","OTUlpxAyVdgZPphaShhW"
"REVIEW","CHECK - medium-confidence visual match","Majestic Regal CZ Silver necklace with Emerald Medallion","Womens / temple necklace","55400","/product/rjT7oYCnI7UBHe4EndhM","ss/czs/CZ_Product_03","rjT7oYCnI7UBHe4EndhM"
"REVIEW","CHECK - medium-confidence visual match","Royal Antique Silver Gold Polish Peacock & CZ Floral Rosette Temple Necklace with Coral Drop","Womens / temple necklace","28900","/product/Bwe8D9g1CYGwTet5kZPE","temple necklaces/Necklace_023","Bwe8D9g1CYGwTet5kZPE"
"REVIEW","CHECK - medium-confidence visual match","Royal Antique Silver Gold Polish Seated Lakshmi Pendant Necklace with CZ Emerald Rosettes.","Womens / temple necklace","31200","/product/VJdg2WvPMv69ELTHwPyH","temple necklaces/Necklace_029","VJdg2WvPMv69ELTHwPyH"
"REVIEW","CHECK - medium-confidence visual match","Royal Goddess Lakshmi Medallion Antique Silver Bridal Necklace","Womens / temple necklace","61500","/product/Au8j7snxy8dWhJnAt85q","temple necklaces/Necklace_042_LakshmiDeityFaceMedallion","Au8j7snxy8dWhJnAt85q"
"REVIEW","CHECK - medium-confidence visual match","Royal Imperial Diamond-Cut CZ & Emerald Geometric Silver Choker Set","Womens / temple necklace","47900","/product/LLvqHfMcWgiORxEdUjBN","ss/czs/CZ_Product_02","LLvqHfMcWgiORxEdUjBN"
"REVIEW","CHECK - medium-confidence visual match","Royal Peacock Antique Necklace in 92.5 Sterling Silver with Gold Polish","Womens / temple necklace","16450","/product/KzLfSTvE4lg3Xfa9tkG9","temple necklaces/Necklace_011","KzLfSTvE4lg3Xfa9tkG9"
"REVIEW","CHECK - medium-confidence visual match","Silver Gold Polish Grand Peacock Emblem Temple Choker with Ghungroo Drops","Womens / temple necklace","26399.97","/product/fVstODuth5SzdQz7KX8O","temple necklaces/Necklace_051","fVstODuth5SzdQz7KX8O"
"REVIEW","CHECK - medium-confidence visual match","92.5 Sterling Silver Clover Jewelry Watch with Multi-Texture Inlay Strap","Womens / watches","22250","/product/QlSmxmccy9S2UlSWreWu","watches/Watch_004_92.5 Sterling Silver Clover Jewelry Watch with Green Malachite Style Inlay","QlSmxmccy9S2UlSWreWu"
"REVIEW","CHECK - medium-confidence visual match","Enchanted Pixie 92.5 Silver Luxury Jewelry Watch – Rose Gold Edition","Womens / watches","25000","/product/apSNgnCgtux1LAfjLKlU","watches/Watch_010_RoseGoldHexagonSapphireBirdDial","apSNgnCgtux1LAfjLKlU"
"REVIEW","CHECK - medium-confidence visual match","Enchanted Pixie 92.5 Silver Luxury Jewelry Watch – Rose Gold Edition","Womens / watches","29000","/product/fRlbdbpefCjJYn1yjPe6","watches/Watch_011_PeacockPaintedRoseGoldWatch","fRlbdbpefCjJYn1yjPe6"
"REVIEW","CHECK - medium-confidence visual match","Roxerina 92.5 Sterling Silver Full Iced Out Watch – Gold Plated Pave Link Design","Womens / watches","30000","/product/tClnH2ELSk0uwEtYyTwE","watches/Watch_009_RoseGoldFullyPavedWatch","tClnH2ELSk0uwEtYyTwE"
"ok","visual match, high confidence","92.5 Pure Silver Royal Lion Antique Gold Finish Stretch Bracelet","Mens / bands","3000","/product/x18sjdQj7HUuayYLGdhH","ss/g bracelet/G_Bracelet_Product_05_92.5 Pure Silver Royal Lion Antique Gold Finish Stretch Bracelet Cord Style","x18sjdQj7HUuayYLGdhH"
"ok","visual match, high confidence","92.5 Pure Silver Sparkling Heart Statement Bracelet with Magnetic Gold Clasp","Mens / bands","3000","/product/ilC7T440GTrsHLySCzQb","ss/l bracelets/L_Bracelet_Product_05","ilC7T440GTrsHLySCzQb"
"ok","visual match, high confidence","92.5 Sterling Silver Checkerboard Micro-Pave Men's Link Bracelet","Mens / bracelets","10900","/product/bbm7UYsnh8m5GVfCpFYU","ss/g bracelet/G_Bracelet_Product_20","bbm7UYsnh8m5GVfCpFYU"
"ok","visual match, high confidence","92.5 Sterling Silver Iced Out Micro-Pave Cuban Link Bracelet","Mens / bracelets","22100","/product/plKxxxeqlU2dQStNLlIU","ss/g bracelet/G_Bracelet_Product_19","plKxxxeqlU2dQStNLlIU"
"ok","visual match, high confidence","92.5 Sterling Silver Men's Geometric Pyramid Link Bracelet with Stone Accents","Mens / bracelets","14700","/product/ssDDKuIxXT7QsTKiaNpb","ss/l bracelets/L_Bracelet_Product_14_92.5 Sterling Silver Men's Geometric Pyramid Link Bracelet with Stone Accents","ssDDKuIxXT7QsTKiaNpb"
"ok","visual match, high confidence","Premium 92.5 Pure Silver Interlocking V-Link Bracelet - Sree Rastu Silvers","Mens / bracelets","45100","/product/mbv6eslLaV3eFIEqguQL","ss/g bracelet/G_Bracelet_Product_25","mbv6eslLaV3eFIEqguQL"
"ok","visual match, high confidence","Dual-Tone Textured Rice-Grain Weave 92.5 Sterling Silver Luxury Chain","Mens / chains","26800","/product/4dbdqWxXngDAJUSYVJ2j","ss/g chains/G_Chain_Product_06","4dbdqWxXngDAJUSYVJ2j"
"ok","visual match, high confidence","92.5 Sterling Silver Ring with Black Enamel Inlay","Mens / rings","2500","/product/ArBF1MUpuPI8xLMZiKJd","ladies rings/Ring_074","ArBF1MUpuPI8xLMZiKJd"
"ok","visual match, high confidence","92.5 Sterling Silver Textured Gold-Polish Multi-Band Ring","Mens / rings","4500","/product/2tfrqg49ESksOjK1JFdx","ss/gents rings/Gents_Ring_Product_05","2tfrqg49ESksOjK1JFdx"
"ok","visual match, high confidence","92.5 Sterling Silver Textured Gold-Polish Multi-Band Ring","Mens / rings","3600","/product/j85JN6HgOQO6gGFbnyvR","ss/gents rings/Gents_Ring_Product_05","j85JN6HgOQO6gGFbnyvR"
"ok","visual match, high confidence","Abstract Wave 92.5 Sterling Silver Ring with Black Enamel Inlay","Mens / rings","2250","/product/HDC9RfgmwJ8869h6WGyE","ss/gents rings/Gents_Ring_Product_07","HDC9RfgmwJ8869h6WGyE"
"ok","visual match, high confidence","Classic 92.5 Sterling Silver Men's Signet Ring with Brilliant Zirconia Grid","Mens / rings","3300","/product/2xEEE4plGoJ1HerLHAeV","ss/gents rings/Gents_Ring_Product_02","2xEEE4plGoJ1HerLHAeV"
"ok","visual match, high confidence","Classic 92.5 Sterling Silver Men's Signet Ring with Brilliant Zirconia Grid","Mens / rings","5500","/product/y66T4RKafSbg6OQKqxMp","ss/gents rings/Gents_Ring_Product_02","y66T4RKafSbg6OQKqxMp"
"ok","visual match, high confidence","Elegant 92.5 Sterling Silver Gold-Plated Textured Cluster Ring","Mens / rings","5300","/product/QVNkbpGV6n0nSqCjKpYB","ss/gents rings/Gents_Ring_Product_08","QVNkbpGV6n0nSqCjKpYB"
"ok","visual match, high confidence","Elegant Diamond-Frame Solitaire 92.5 Sterling Silver Gold-Plated Ring","Mens / rings","5800","/product/NgZ25OVmicMADcPNkt0x","ss/gents rings/Gents_Ring_Product_17","NgZ25OVmicMADcPNkt0x"
"ok","visual match, high confidence","Imperial 9-Stone Cluster 92.5 Sterling Silver Statement Ring","Mens / rings","3150","/product/0NQYRHbh4HMGQ2z9B5AA","ss/gents rings/Gents_Ring_Product_15","0NQYRHbh4HMGQ2z9B5AA"
"ok","visual match, high confidence","Majestic 9-Stone Cluster 92.5 Sterling Silver Lattice Ring","Mens / rings","2900","/product/rUZpXPFX1o7XbU78tSjl","ss/gents rings/Gents_Ring_Product_10","rUZpXPFX1o7XbU78tSjl"
"ok","visual match, high confidence","Royal Square Cluster 92.5 Sterling Silver Gold-Plated Ring","Mens / rings","5500","/product/4CcV2a9JLA0XpGlzNGk7","ss/gents rings/Gents_Ring_Product_09","4CcV2a9JLA0XpGlzNGk7"
"ok","visual match, high confidence","92.5 Pure Silver Antique-Inspired Filigree Bead Payal Anklets Pair","Womens / anklets","8300","/product/CWqIoVc4ivxDXYo4WflH","ss/anklets/Anklet_Product_09","CWqIoVc4ivxDXYo4WflH"
"ok","visual match, high confidence","92.5 Pure Silver Cobalt Blue Evil Eye Station Chain Charms – Pair with Adjustable Slider","Womens / anklets","9900","/product/FOuj1UjqYcoHR6fTkmI4","ss/anklets/Anklet_Product_10","FOuj1UjqYcoHR6fTkmI4"
"ok","visual match, high confidence","92.5 Pure Silver Delicate Chain Anklets with Faceted Accent Beads","Womens / anklets","12700","/product/1VmWsViQVZNo6CSFzPwK","ss/anklets/Anklet_Product_03","1VmWsViQVZNo6CSFzPwK"
"ok","visual match, high confidence","92.5 Pure Silver Delicate Chain Anklets with Faceted Accent Beads","Womens / anklets","6800","/product/uDkZ573MbEXIjzXN4sfR","ss/anklets/Anklet_Product_03","uDkZ573MbEXIjzXN4sfR"
"ok","visual match, high confidence","92.5 Pure Silver Sparkling Eye Charm Anklets with Dual-Tone Rose Gold Polish","Womens / anklets","7900","/product/5AFhm1l29MNQzVoQjYYH","ss/anklets/Anklet_Product_02","5AFhm1l29MNQzVoQjYYH"
"ok","visual match, high confidence","92.5 Pure Sterling Silver Geometric Clover Payal Pair with Elegant Rose Gold Polish","Womens / anklets","6499.93","/product/xUZyuslLRvO2fijko226","ss/anklets/Anklet_Product_15","xUZyuslLRvO2fijko226"
"ok","visual match, high confidence","92.5 Pure Sterling Silver Multi-Shape Station Payal Pair","Womens / anklets","15900","/product/4ZHMsiwMjbxFE14KPBFg","ss/anklets/Anklet_Product_23","4ZHMsiwMjbxFE14KPBFg"
"ok","visual match, high confidence","92.5 Pure Sterling Silver Shimmering CZ Bridal Payal Pair with Pink Accents","Womens / anklets","25600","/product/8wt09sWx17ZaTHveDLgW","ss/anklets/Anklet_Product_20","8wt09sWx17ZaTHveDLgW"
"ok","visual match, high confidence","92.5 Pure Sterling Silver Shimmering Infinity Payal Pair with Micro-Set Accents","Womens / anklets","11850","/product/O7h2ag4UYAUi00ieUU6k","ss/anklets/Anklet_Product_11","O7h2ag4UYAUi00ieUU6k"
"ok","visual match, high confidence","92.5 Pure Sterling Silver Solitaire Square Crystal Payal Pair with Heart Drops","Womens / anklets","13200","/product/6x8Zbj3Atrw8qCG0aV3y","ss/anklets/Anklet_Product_22","6x8Zbj3Atrw8qCG0aV3y"
"ok","visual match, high confidence","92.5 pure Sterling Silver Textured Rope-Style Payal with Minimalist Star Charms","Womens / anklets","29700","/product/YwxhLXlfUTScN98z1e3P","ss/anklets/Anklet_Product_06","YwxhLXlfUTScN98z1e3P"
"ok","visual match, high confidence","92.5 pure Sterling Silver Textured Rope-Style Payal with Minimalist Star Charms","Womens / anklets","10000","/product/sKdoluPcKHKITkhgYDkr","ss/anklets/Anklet_Product_06","sKdoluPcKHKITkhgYDkr"
"ok","visual match, high confidence","Luxurious Sterling Silver Snake-Chain Anklets with CZ Encircled Gemstone Stations","Womens / anklets","23400","/product/BN0DKWQauTsVhZPpM5er","ss/anklets/Anklet_Product_18","BN0DKWQauTsVhZPpM5er"
"ok","visual match, high confidence","Minimalist Sterling Silver Station Anklets featuring Textured Tubes & Paisley Drops","Womens / anklets","9400","/product/N75t6fgSXGE6nH7o3wWr","ss/anklets/Anklet_Product_19","N75t6fgSXGE6nH7o3wWr"
"ok","visual match, high confidence","Premium 92.5 Pure Silver Dainty Clover & Ball Chain Anklet","Womens / anklets","4650","/product/3Efsaju7YJCF0m7FPQ0B","ss/anklets/Anklet_Product_33","3Efsaju7YJCF0m7FPQ0B"
"ok","visual match, high confidence","Premium 92.5 Pure Silver Dainty Rose Gold Box Chain Charm Anklet Set","Womens / anklets","3300","/product/0FEOGIqJewTD6b0rO70V","ss/anklets/Anklet_Product_32","0FEOGIqJewTD6b0rO70V"
"ok","visual match, high confidence","Premium 92.5 Pure Silver Dainty Rose Gold Box Chain Teardrop Anklet Set","Womens / anklets","3500","/product/s3P79Aifbg2aetHkrAp4","ss/anklets/Anklet_Product_31","s3P79Aifbg2aetHkrAp4"
"ok","visual match, high confidence","Premium 92.5 Pure Silver Traditional Stone-Studded Bridal Anklets","Womens / anklets","3900","/product/0sLwDZ4rdAxw4XRQRxBM","ss/anklets/Anklet_Product_34","0sLwDZ4rdAxw4XRQRxBM"
"ok","visual match, high confidence","Royal Pavé CZ Silver Anklets with Rose Pink Teardrop Drops (92.5 Pure Silver)","Womens / anklets","28800","/product/7yyvYr9wlYrTw6A4dPCc","ss/anklets/Anklet_Product_08","7yyvYr9wlYrTw6A4dPCc"
"ok","visual match, high confidence","Shimmering Heart Cluster Rose Gold Silver Anklets (92.5 Pure Silver)","Womens / anklets","5200","/product/nDQMdOOvunUnPB9rVZgL","ss/anklets/Anklet_Product_21","nDQMdOOvunUnPB9rVZgL"
"ok","visual match, high confidence","Sterling Silver 92.5 Sparkling Green Charm Anklets – Pair","Womens / anklets","15500","/product/Rz5kpbGZ7ZOkH0W8I3WE","ss/anklets/Anklet_Product_01","Rz5kpbGZ7ZOkH0W8I3WE"
"ok","visual match, high confidence","Whimsical Multi-Strand Silver Anklet Pair with Heart and Butterfly Charms","Womens / anklets","17300","/product/HvqWbQ6tHQcB8DJfIslj","ss/anklets/Anklet_Product_12","HvqWbQ6tHQcB8DJfIslj"
"ok","visual match, high confidence","92.5 Pure Silver Grey Belt Band Bracelet for Men | Rose Gold CZ Designer Bracelet","Womens / bands","2800","/product/yyRymzT2yerhJ8mkMl4N","ss/l bracelets/L_Bracelet_Product_06","yyRymzT2yerhJ8mkMl4N"
"ok","visual match, high confidence","92.5 Pure Silver Olive Green Belt Band Bracelet for Men | Rose Gold CZ Designer Bracelet","Womens / bands","2800","/product/XJ6c2QEHHf6hMRZSszjU","ss/l bracelets/L_Bracelet_Product_07","XJ6c2QEHHf6hMRZSszjU"
"ok","visual match, high confidence","92.5 Pure Silver Gold Polish Antique Lakshmi Kada bangles | Traditional Temple Design with Ruby Stones","Womens / BANGLES","29700","/product/MHNo749y7SaqRiopH87h","ss/bangles/Bangle_Product_15","MHNo749y7SaqRiopH87h"
"ok","visual match, high confidence","92.5 Pure Sterling Silver Gold Polish Bangles with Sparkling American Diamonds","Womens / BANGLES","15800","/product/cCdB6eXUoYZjROCimUzy","ss/bangles/Bangle_Product_18","cCdB6eXUoYZjROCimUzy"
"ok","visual match, high confidence","Detailed 92.5 Sterling Silver Rose Gold Polish CZ Filigree Bangles","Womens / BANGLES","17400","/product/4uEYvRiot5YWytOnjzKo","ss/bangles/Bangle_Product_10","4uEYvRiot5YWytOnjzKo"
"ok","visual match, high confidence","Detailed 92.5 Sterling Silver Rose Gold Polish CZ Filigree Bangles","Womens / BANGLES","34200","/product/DRDKbOWNSCV4AjtPWi0P","ss/bangles/Bangle_Product_10","DRDKbOWNSCV4AjtPWi0P"
"ok","visual match, high confidence","Detailed 92.5 Sterling Silver Rose Gold Polish CZ Filigree Bangles","Womens / BANGLES","34200","/product/RLV9QZDamc1xKHkbPIox","ss/bangles/Bangle_Product_10","RLV9QZDamc1xKHkbPIox"
"ok","visual match, high confidence","Grand Layered Pearl Mala with Antique Gold-Plated Silver Spacer Beads","Womens / beads mala","34499.98","/product/icevyox1GaqLzg8sBduV","ss/beads mala/Beads_Mala_Product_04_Grand Layered Pearl Mala with Antique Gold-Plated Silver Spacer Beads Variant","icevyox1GaqLzg8sBduV"
"ok","visual match, high confidence","92.5 Pure Silver Black Beads Mangalsutra Chain with CZ Diamond Pendant for Women","Womens / black beads","3600","/product/1qGkTTHhlZtpBolAZg9U","mangalsutra/Mangalsutra_040_BlackBeadedNecklace","1qGkTTHhlZtpBolAZg9U"
"ok","visual match, high confidence","92.5 Pure Silver Black Beads Mangalsutra Necklace for Women | Crescent Moon CZ Designer Daily Wear Mangalsutra","Womens / black beads","6500","/product/nkLosPWX0VS6lqZJ9TGt","mangalsutra/Mangalsutra_056_SilverPaveBarMangalsutra","nkLosPWX0VS6lqZJ9TGt"
"ok","visual match, high confidence","92.5 Pure Silver Black Beads Mangalsutra Necklace for Women | Ruby Drop Gold Finish Designer Mangalsutra","Womens / black beads","5000","/product/IzyFSTXhz8gCopP8YpZQ","mangalsutra/Mangalsutra_060","IzyFSTXhz8gCopP8YpZQ"
"ok","visual match, high confidence","92.5 Pure Silver Black Beads Mangalsutra Set with Floral Enamel Pendant & Matching Earrings | Gold Polish","Womens / black beads","15300","/product/GOJZ0efviRa8OQrZPAco","mangalsutra/Mangalsutra_066","GOJZ0efviRa8OQrZPAco"
"ok","visual match, high confidence","92.5 Pure Silver Designer Black Beads Mangalsutra Necklace with Heart Pendant for Women","Womens / black beads","8800","/product/JT3f22fceCc8fe4TlcXd","mangalsutra/Mangalsutra_047","JT3f22fceCc8fe4TlcXd"
"ok","visual match, high confidence","92.5 Pure Silver Gold-Plated Fringe Mangalsutra with Hanging Yellow Stones","Womens / black beads","5400","/product/0ef5NCQqQtmQaiDuSgLD","mangalsutra/Mangalsutra_023","0ef5NCQqQtmQaiDuSgLD"
"ok","visual match, high confidence","92.5 Pure Silver Gold-Plated Mangalsutra Set with Pink Teardrop Stone Pendant and Earrings","Womens / black beads","6000","/product/3NVWnLnaeDVIa3dZzo95","mangalsutra/Mangalsutra_022","3NVWnLnaeDVIa3dZzo95"
"ok","visual match, high confidence","92.5 Pure Silver Rose Gold Black Beads Mangalsutra Set with Floral CZ Pendant & Matching Earrings","Womens / black beads","17000","/product/T1pmgVy9iAsdaQZqvMnT","mangalsutra/Mangalsutra_054","T1pmgVy9iAsdaQZqvMnT"
"ok","visual match, high confidence","92.5 Pure Silver Rose Gold Black Beads Mangalsutra Set with Geometric Pendant & Matching Earrings","Womens / black beads","12900","/product/nurrv46585aDnhVo956Y","mangalsutra/Mangalsutra_053_RoseGoldHexagonSet","nurrv46585aDnhVo956Y"
"ok","visual match, high confidence","92.5 Pure Silver Rose Gold Tree of Life Black Beads Mangalsutra Set with Matching Earrings","Womens / black beads","12400","/product/iVm33dIUxxEQt7zd4fOi","mangalsutra/Mangalsutra_051","iVm33dIUxxEQt7zd4fOi"
"ok","visual match, high confidence","92.5 Pure Sterling Silver Gold-Plated Mangalsutra Chain with Open Rectangular Pendant and Pearls","Womens / black beads","2900","/product/Bd6kJQ1vXAlWv1yacX5j","mangalsutra/Mangalsutra_010_TraditionalSet","Bd6kJQ1vXAlWv1yacX5j"
"ok","visual match, high confidence","92.5 Pure Sterling Silver Gold-Plated Mangalsutra with Three-Stone Heart Pendant","Womens / black beads","4900","/product/BVKgmyoI1CPR7N50kjmc","mangalsutra/Mangalsutra_013","BVKgmyoI1CPR7N50kjmc"
"ok","visual match, high confidence","92.5 Pure Sterling Silver Mangalsutra Chain with White Crystal Bar Pendant","Womens / black beads","2750","/product/QCVmch87oC0eQn8jDvzK","mangalsutra/Mangalsutra_030_BeadedMangalsutra","QCVmch87oC0eQn8jDvzK"
"ok","visual match, high confidence","Antique Lakshmi Motif Double Layer Black Beads 92.5 Pure Silver Festive Necklace","Womens / black beads","8200","/product/EFuS0pPi2I0zbEFsH4tS","mangalsutra/Mangalsutra_012","EFuS0pPi2I0zbEFsH4tS"
"ok","visual match, high confidence","Divine Goddess Lakshmi Temple Pendant 92.5 Sterling Silver Gold-Polished Mangalsutra","Womens / black beads","5500","/product/TcUuYXaXDYBBfOIdvqQH","mangalsutra/Mangalsutra_003_GaneshPendantRuby","TcUuYXaXDYBBfOIdvqQH"
"ok","visual match, high confidence","Enchanted Butterfly Multi-Color 92.5 Sterling Silver Gold-Polished Mangalsutra","Womens / black beads","6000","/product/HzfVB64a3Q2AT8jGpXCB","mangalsutra/Mangalsutra_009","HzfVB64a3Q2AT8jGpXCB"
"ok","visual match, high confidence","Enchanted Nature Twin-Bird Black Beads 92.5 Pure Silver Gold-polish Mangalsutra","Womens / black beads","3500","/product/YBMU0YaGciIn2Lrm1tGV","mangalsutra/Mangalsutra_015","YBMU0YaGciIn2Lrm1tGV"
"ok","visual match, high confidence","Shimmering Crown & Hoop Double-Circle Black Beads 92.5 Pure Silver Gold-Polished Mangalsutra","Womens / black beads","3500","/product/IiN9SB56JxUgjNQBdQDs","mangalsutra/Mangalsutra_028","IiN9SB56JxUgjNQBdQDs"
"ok","visual match, high confidence","shimmering Double-Strand Crystal Teardrop 92.5 Pure Silver Multi-Layer mangalsutra","Womens / black beads","4100","/product/JeziUPRJMRxgtBr7rXvW","mangalsutra/Mangalsutra_038","JeziUPRJMRxgtBr7rXvW"
"ok","visual match, high confidence","Shimmering Graduating Silver Globes Black Beads 92.5 Pure Silver","Womens / black beads","9300","/product/mCObLrDwpur7V9tdhasa","mangalsutra/Mangalsutra_037","mCObLrDwpur7V9tdhasa"
"ok","visual match, high confidence","Shimmering Graduating Silver Globes Black Beads 92.5 Pure Silver","Womens / black beads","4100","/product/mTgFQYHHE9t0kKX9UT5p","mangalsutra/Mangalsutra_037","mTgFQYHHE9t0kKX9UT5p"
"ok","visual match, high confidence","Shimmering Heart & Oval Crystal Black Beads 92.5 Pure Silver","Womens / black beads","6100","/product/aBnyNUC2CSqUs4X6Ir05","mangalsutra/Mangalsutra_008_TraditionalSet","aBnyNUC2CSqUs4X6Ir05"
"ok","visual match, high confidence","Shimmering Pear-Cut Double Layer Black Beads 92.5 Pure Silver mangalsutra","Womens / black beads","5000","/product/lJz14FgSLnMPenDcv3St","mangalsutra/Mangalsutra_026","lJz14FgSLnMPenDcv3St"
"ok","visual match, high confidence","Shimmering Twin-Heart ""Love"" Black Beads 92.5 Pure Silver Necklace","Womens / black beads","4900","/product/YZXPK5xJgFkg9YJ33VaQ","mangalsutra/Mangalsutra_007","YZXPK5xJgFkg9YJ33VaQ"
"ok","visual match, high confidence","Sunburst CZ Floral Pendant 92.5 Sterling Silver Gold-polish Mangalsutra","Womens / black beads","4400","/product/y1YvTxt75X4h1Mkz7XAS","mangalsutra/Mangalsutra_019_StarburstPendantMangalsutra","y1YvTxt75X4h1Mkz7XAS"
"ok","visual match, high confidence","Vibrant Coral-Red Oval Garland 92.5 Sterling Silver Gold-Polished Mangalsutra","Womens / black beads","4900","/product/HWvsqUm4CL2huKnLYI2Y","mangalsutra/Mangalsutra_035","HWvsqUm4CL2huKnLYI2Y"
"ok","visual match, high confidence","92.5 Sterling Silver Rose Gold Plated Micro-Pave Butterfly Bracelet","Womens / bracelets","5000","/product/dzVvf9tLiRtudpUEhpgG","ss/l bracelets/L_Bracelet_Product_13","dzVvf9tLiRtudpUEhpgG"
"ok","visual match, high confidence","Premium 925 Pure Silver Rose Gold Mesh Band Bracelet with Shimmering Butterflies","Womens / bracelets","7600","/product/PR5fh9JDV6m04I3IQZwB","ss/l bracelets/L_Bracelet_Product_16","PR5fh9JDV6m04I3IQZwB"
"ok","visual match, high confidence","Premium 925 Pure Silver Rose Gold Mesh Band Bracelet with Shimmering Butterflies","Womens / bracelets","7600","/product/Zru8eKMffPKaem18Z9Ss","ss/l bracelets/L_Bracelet_Product_16","Zru8eKMffPKaem18Z9Ss"
"ok","visual match, high confidence","92.5 Pure Silver LOVE Heart Charm Drop Chain Necklace","Womens / chains","2600","/product/DuVcXcWsa9vIwe58KyuN","ss/charm chains/Charm_Chain_Product_10","DuVcXcWsa9vIwe58KyuN"
"ok","visual match, high confidence","92.5 Pure Sterling Silver Gold-Plated Traditional Mugappu Neck Chain for Women","Womens / chains","12700","/product/ECW8SpEWNEOcBqK2Fmmk","ss/g chains/G_Chain_Product_18_92.5 Pure Sterling Silver Gold-Plated Traditional Mugappu Neck Chain","ECW8SpEWNEOcBqK2Fmmk"
"ok","visual match, high confidence","Classic Heavy Rounded Textured Box 92.5 Pure Silver Statement Chain","Womens / chains","26400","/product/vooOJomOih2rDNPrlh0q","ss/g chains/G_Chain_Product_17_Classic Heavy Rounded Textured Box 92.5 Pure Silver Statement Chain","vooOJomOih2rDNPrlh0q"
"ok","visual match, high confidence","92.5 Pure Silver Antique Gold-Plated Lakshmi Earrings with Emerald Green Beads and Ruby Accents","Womens / earrings","5450","/product/L6AmlBrgmvEPp7N829qV","ss/earrings/Earring_070","L6AmlBrgmvEPp7N829qV"
"ok","visual match, high confidence","92.5 Pure Silver Antique Gold-Plated Laxmi Kasu Drops with CZ Peacock Studs","Womens / earrings","3700","/product/Rjk6rPO29qItc88v0hE6","ss/earrings/Earring_058","Rjk6rPO29qItc88v0hE6"
"ok","visual match, high confidence","92.5 Pure Silver Antique Gold-Plated Round Studs with Kemp Ruby Accents","Womens / earrings","3799.98","/product/vrqJyOabYqKZ2rDdOQf5","ss/earrings/Earring_069","vrqJyOabYqKZ2rDdOQf5"
"ok","visual match, high confidence","92.5 Pure Silver Antique Gold-Plated Round Studs with Ruby and Emerald Kemp Stones","Womens / earrings","9400","/product/HLpQnfvtgkKyMwTlEPAt","ss/earrings/Earring_081","HLpQnfvtgkKyMwTlEPAt"
"ok","visual match, high confidence","92.5 Pure Silver Gold-Plated Clover Studs with Ruby Pink Kemp and CZ Accents","Womens / earrings","3650","/product/cTaryIpEWSBPUxf4VV1N","ss/earrings/Earring_072","cTaryIpEWSBPUxf4VV1N"
"ok","visual match, high confidence","92.5 Pure Silver Gold-Plated Curved Leaf Studs with Shimmering CZ Accent Stones","Womens / earrings","5400","/product/M71Nclnv4GV8wTTYNbhz","ss/earrings/Earring_060","M71Nclnv4GV8wTTYNbhz"
"ok","visual match, high confidence","92.5 Pure Silver Gold-Plated Dangle Earrings with Shimmering White CZ and Pink Bead Drops","Womens / earrings","5100","/product/l7wz5sfyaIbct0QoCYsw","ss/earrings/Earring_082","l7wz5sfyaIbct0QoCYsw"
"ok","visual match, high confidence","92.5 Pure Silver Gold-Plated Flower Studs with Shimmering CZ Stoness","Womens / earrings","4950","/product/71MpAifXJUfHaiWK8nYc","ss/earrings/Earring_056","71MpAifXJUfHaiWK8nYc"
"ok","visual match, high confidence","92.5 Pure Silver Gold-Plated Goddess Lakshmi Studs with Kemp Ruby Stones","Womens / earrings","3800","/product/DOxS9BxILAOmQFegnUk3","ss/earrings/Earring_057","DOxS9BxILAOmQFegnUk3"
"ok","visual match, high confidence","92.5 Pure Silver Gold-Plated Goddess Lakshmi Studs with Shimmering CZ Halo","Womens / earrings","8800","/product/7J5G6xdLqLUvD7u9awQn","ss/earrings/Earring_071","7J5G6xdLqLUvD7u9awQn"
"ok","visual match, high confidence","92.5 Pure Silver Gold-Plated Rhombus Dangle Earrings with Emerald Green and White CZ Stones","Womens / earrings","5200","/product/GmuDRtERhdhso4FTYQtU","ss/earrings/Earring_076","GmuDRtERhdhso4FTYQtU"
"ok","visual match, high confidence","92.5 Pure Silver Gold-Plated Traditional Drops with Ruby Pink Kemp and CZ Cluster Stones","Womens / earrings","6500","/product/a1VHJuials1pnffEnkrB","ss/earrings/Earring_083","a1VHJuials1pnffEnkrB"
"ok","visual match, high confidence","92.5 Pure Silver Rose Gold Designer Stud Earrings with Sparkling CZ Stones","Womens / earrings","3450","/product/C7BBkxfTbJgZWRdFS7Sp","ss/earrings/Earring_051","C7BBkxfTbJgZWRdFS7Sp"
"ok","visual match, high confidence","92.5 Pure Silver Rose Gold Pendant Set with Icy Blue Stone and CZ Accents","Womens / earrings","13600","/product/rNNLQtnb5JYtFnWR20Pk","pendants/Pendant_005","rNNLQtnb5JYtFnWR20Pk"
"ok","visual match, high confidence","92.5 Pure Sterling Silver Gold-Plated Floral Drop Earrings | CZ Stone Elegant Designer Earrings for Women","Womens / earrings","2600","/product/aM6tZUm20zdWIDqbVlFE","ss/earrings/Earring_037","aM6tZUm20zdWIDqbVlFE"
"ok","visual match, high confidence","92.5 Pure Sterling Silver Gold-Plated Floral Drop Stud Earrings | CZ Stone Designer Earrings for Women","Womens / earrings","2650","/product/NX9eJd5YSWrgUYeF5ptm","ss/earrings/Earring_036","NX9eJd5YSWrgUYeF5ptm"
"ok","visual match, high confidence","92.5 Pure Sterling Silver Gold-Plated Geometric Drop Stud Earrings | CZ & Emerald Stone Designer Earrings for Women","Womens / earrings","2100","/product/OjdAPFOa1KxQ0elt0wy6","ss/earrings/Earring_038","OjdAPFOa1KxQ0elt0wy6"
"ok","visual match, high confidence","92.5 Pure Sterling Silver Gold-Plated Ruby CZ Jhumka Earrings | Traditional Designer Jhumkas for Women","Womens / earrings","6500","/product/qQQdmY83qAeYKLYvfE0I","ss/earrings/Earring_040","qQQdmY83qAeYKLYvfE0I"
"ok","visual match, high confidence","92.5 Pure Sterling Silver Gold-Plated Star Tassel Stud Earrings | CZ Stone Celestial Designer Earrings for Women","Womens / earrings","3100","/product/oSGrhJGIwaoKPqqA4gsx","ss/earrings/Earring_041","oSGrhJGIwaoKPqqA4gsx"
"ok","visual match, high confidence","92.5 Silver Ombré Heart Studs","Womens / earrings","3700","/product/K9RP61mfCJ1IfDUtwqWT","ss/earrings/Earring_006_92.5 Silver Ombre Heart Studs Blue","K9RP61mfCJ1IfDUtwqWT"
"ok","visual match, high confidence","92.5 Sterling Silver Rose Gold Crystal Heart Stud Earrings","Womens / earrings","5100","/product/bXMetv3MQOC0GDRqSlZF","ss/earrings/Earring_049","bXMetv3MQOC0GDRqSlZF"
"ok","visual match, high confidence","92.5 Sterling Silver Rose Gold Temple Bell Drop Earrings","Womens / earrings","6100","/product/NTOF67PWNgr3hYP59gk0","ss/earrings/Earring_050","NTOF67PWNgr3hYP59gk0"
"ok","visual match, high confidence","Classic Goddess Lakshmi Carved Nakshi Silver Jhumka Earrings","Womens / earrings","14199.99","/product/mNoMeWWzrXueKbkvQAjo","ss/earrings/Earring_104","mNoMeWWzrXueKbkvQAjo"
"ok","visual match, high confidence","Crystal-Crusted Eiffel Tower Earrings ✨","Womens / earrings","4900","/product/ljJ4tHTJJHI044JZEXNj","ss/earrings/Earring_017_EiffelTower","ljJ4tHTJJHI044JZEXNj"
"ok","visual match, high confidence","Divine Goddess Lakshmi Carved Nakshi Silver Jhumka Earrings","Womens / earrings","14000","/product/nthua0SX3bew2CqnxIPT","ss/earrings/Earring_092","nthua0SX3bew2CqnxIPT"
"ok","visual match, high confidence","Divine Leaf Motif Carved Nakshi Silver Jhumka Earrings","Womens / earrings","10500","/product/BoTi7Yd8YT14JycJR06k","ss/earrings/Earring_099","BoTi7Yd8YT14JycJR06k"
"ok","visual match, high confidence","Divine Teardrop Ruby Stud Nakshi Silver Jhumka Earrings","Womens / earrings","13600","/product/OxI9zm46DRcPbEvS9P5f","ss/earrings/Earring_094","OxI9zm46DRcPbEvS9P5f"
"ok","visual match, high confidence","Divine Teardrop Ruby Stud Nakshi Silver Jhumka Earrings","Womens / earrings","13199.98","/product/tiGFxJ0Pl30uBnAHrq81","ss/earrings/Earring_095","tiGFxJ0Pl30uBnAHrq81"
"ok","visual match, high confidence","Heritage Antique Circular Gold Polish Studs with Emerald Green Stone","Womens / earrings","5950","/product/N4XUnrARBZsFgyQKYNNJ","ss/earrings/Earring_026","N4XUnrARBZsFgyQKYNNJ"
"ok","visual match, high confidence","Heritage Emerald & CZ Filigree Ear Studs with Pearl Droplets","Womens / earrings","9200","/product/GoglsZFdBTq9WbA33243","ss/earrings/Earring_024","GoglsZFdBTq9WbA33243"
"ok","visual match, high confidence","Heritage Emerald & Pearl Floral Chakra Tops – 92.5 Sterling Silver","Womens / earrings","7549.98","/product/7z4NSIFNpyygkoRw6tUr","ss/earrings/Earring_032","7z4NSIFNpyygkoRw6tUr"
"ok","visual match, high confidence","Royal Blue Sapphire Oval Halo Stud Earrings in 92.5 Sterling Silver","Womens / earrings","5550","/product/Tq10mUs7NXS137WeyTvG","ss/earrings/Earring_055","Tq10mUs7NXS137WeyTvG"
"ok","visual match, high confidence","Royal Pagadam (Coral) Style Shimmering Cubic Zirconia Drop Earrings","Womens / earrings","11150","/product/Sy849UvChlZCRqdGZGiB","ss/earrings/Earring_111","Sy849UvChlZCRqdGZGiB"
"ok","visual match, high confidence","Royal Temple Style Emerald Bead & Pearl Cluster Hanging Jhumkis","Womens / earrings","12350","/product/YDoy9dTqIAdZ0fijj0QZ","ss/earrings/Earring_090","YDoy9dTqIAdZ0fijj0QZ"
"ok","visual match, high confidence","Royal Temple Style Gaja Motif & Faceted Ruby Bead Hanging Jhumkis","Womens / earrings","11600","/product/JLgCBrUuAH9rOuJxvnNv","ss/earrings/Earring_107","JLgCBrUuAH9rOuJxvnNv"
"ok","visual match, high confidence","Serpentine Shimmer 925 Silver Contemporary Drop Earrings","Womens / earrings","2900","/product/mWUEXOB63i5VOdFo2kCA","ss/earrings/Earring_054","mWUEXOB63i5VOdFo2kCA"
"ok","visual match, high confidence","Silver Gold Polish Antique Floral Nakshi Jhumkas with Ruby Beads","Womens / earrings","10900","/product/Hvw7LULeH4EmDSUXLlvt","ss/earrings/Earring_103","Hvw7LULeH4EmDSUXLlvt"
"ok","visual match, high confidence","Silver Gold Polish Antique Mango Nakshi Jhumkas with Ruby Beads","Womens / earrings","9400","/product/lqd9PjiWwzYNr8Q8ELfH","ss/earrings/Earring_106","lqd9PjiWwzYNr8Q8ELfH"
"ok","visual match, high confidence","Silver Gold Polish Antique Teardrop Emerald Nakshi Jhumkas","Womens / earrings","13500","/product/xvfmD2vOIBlScvOefsZj","ss/earrings/Earring_097","xvfmD2vOIBlScvOefsZj"
"ok","visual match, high confidence","Silver Gold Polish Lakshmi CZ Stud Jhumkas with Ruby Drops","Womens / earrings","27900","/product/VEFzxj1En0fRy32a4qOm","ss/earrings/Earring_105","VEFzxj1En0fRy32a4qOm"
"ok","visual match, high confidence","Silver Gold Polish Lakshmi Stud Ruby & CZ Jhumkas","Womens / earrings","12000","/product/i7cahMlcbdFOMBSr3Rsm","ss/earrings/Earring_102","i7cahMlcbdFOMBSr3Rsm"
"ok","visual match, high confidence","Silver Gold Polish Lakshmi Temple Earrings with CZ Frame","Womens / earrings","13400","/product/13kdOi4DKtBjpxGNV0XZ","ss/earrings/Earring_109","13kdOi4DKtBjpxGNV0XZ"
"ok","visual match, high confidence","Silver Gold Polish Royal CZ Chandbali Earrings with Ruby Drops","Womens / earrings","16250","/product/oulk264XhgOzWla2XZ5a","ss/earrings/Earring_108","oulk264XhgOzWla2XZ5a"
"ok","visual match, high confidence","Traditional Kemp & Pearl Floral Square Tops – 92.5 Sterling Silver","Womens / earrings","6400","/product/KTfMvWGi2C3qbOacTd9O","ss/earrings/Earring_023","KTfMvWGi2C3qbOacTd9O"
"ok","visual match, high confidence","Traditional Kemp & Pearl Floral Square Tops – 92.5 Sterling Silver","Womens / earrings","6400","/product/Mc2IXsJ0fNqMDEeSOTJa","ss/earrings/Earring_023","Mc2IXsJ0fNqMDEeSOTJa"
"ok","visual match, high confidence","Vintage Floral Halo Princess-Cut Zirconia Studs in 92.5 Sterling Silver","Womens / earrings","5400","/product/EqF1mDsxC6c1UASHeSEo","ss/earrings/Earring_052","EqF1mDsxC6c1UASHeSEo"
"ok","visual match, high confidence","92.5 Pure Sterling Silver Floral Square Stud Earrings | CZ Stone Designer Studs for Women","Womens / kaans","2700","/product/TW4P4U8l2FUM0jB8sDqM","ss/kaan/Kaan_Product_13","TW4P4U8l2FUM0jB8sDqM"
"ok","visual match, high confidence","92.5 Pure Silver Gold-Plated Open Heart & Halo CZ Ladies Kada | Adjustable Designer Bracelet","Womens / kada","7700","/product/kFWcRJfi1wIICF8rRxqH","ss/bangles/Bangle_Product_32","kFWcRJfi1wIICF8rRxqH"
"ok","visual match, high confidence","92.5 Pure Silver Rose Gold Floral Ruby CZ Open Kada for Women | Adjustable Designer Bracelet","Womens / kada","3800","/product/ZfhtnBQjmem2dT1FuuWG","ss/l bracelets/L_Bracelet_Product_20","ZfhtnBQjmem2dT1FuuWG"
"ok","visual match, high confidence","92.5 Pure Silver Rose Gold Panther Lock Kada for Women | Designer CZ Bracelet","Womens / kada","12900","/product/AIm4ExVBx5XGt4C67P1o","ss/l bracelets/L_Bracelet_Product_18","AIm4ExVBx5XGt4C67P1o"
"ok","visual match, high confidence","92.5 Pure Silver Gold Polish Minimalist Designer Kante Necklace | Elegant Daily Wear Silver Choker","Womens / kante","4500","/product/0HAIf8pvJBBTFFYboZWK","ss/kante/Kante_Product_02","0HAIf8pvJBBTFFYboZWK"
"ok","visual match, high confidence","92.5 Pure Silver Gold Polish Premium Designer Kante Necklace | Elegant Traditional Silver Choker","Womens / kante","14750","/product/rhbohIQQkqbrulHWFaJn","ss/kante/Kante_Product_01","rhbohIQQkqbrulHWFaJn"
"ok","visual match, high confidence","Avant-Garde Diamond-Cut White CZ Abstract Festive Silver Set","Womens / Necklace","12900","/product/9BJEJRalw0cjJZ9swQrR","rose gold and fancy necklaces/Necklace_036","9BJEJRalw0cjJZ9swQrR"
"ok","visual match, high confidence","Double Teardrop Emerald Diamond Style Delicate Long Necklace","Womens / Necklace","21450","/product/kG8tU5E1g7vxzqmWNBNF","ss/dia replica/Dia_Replica_Product_06","kG8tU5E1g7vxzqmWNBNF"
"ok","visual match, high confidence","Elegant Rose Pink Stone & Pearl Floral Vine Silver Haram Set","Womens / Necklace","35100","/product/6Njdaf8akhRu6DmADaxy","rose gold and fancy necklaces/Necklace_031","6Njdaf8akhRu6DmADaxy"
"ok","visual match, high confidence","Elite Rose Gold Interlocking Infinity Scroll CZ Choker Set","Womens / Necklace","17300","/product/5y4Fp4ygvoKDDjT3gfET","rose gold and fancy necklaces/Necklace_037","5y4Fp4ygvoKDDjT3gfET"
"ok","visual match, high confidence","Elite Rose Gold Polish Marquise CZ Leafy Vine Necklace Set","Womens / Necklace","10299.99","/product/nCrQkcSwpwBAfq0Ia32B","rose gold and fancy necklaces/Necklace_012","nCrQkcSwpwBAfq0Ia32B"
"ok","visual match, high confidence","Elite Rose Gold Polish Matte & Magenta Textured Enamel Set","Womens / Necklace","16600","/product/r4tJujI4Huj6idwPeVhS","rose gold and fancy necklaces/Necklace_022","r4tJujI4Huj6idwPeVhS"
"ok","visual match, high confidence","Elite Rose Gold Silver Choker Set with Mint CZ Accents","Womens / Necklace","11300","/product/1KANAskVy4S7V71jk7hB","rose gold and fancy necklaces/Necklace_008","1KANAskVy4S7V71jk7hB"
"ok","visual match, high confidence","Elite Rose Gold Silver Honeycomb Teardrop Pendant Set","Womens / Necklace","16000","/product/ucm9FesWttTxwP54qn01","rose gold and fancy necklaces/Necklace_038","ucm9FesWttTxwP54qn01"
"ok","visual match, high confidence","Enamelled Butterfly Dreams 925 Pure Silver Necklace & Earrings Set","Womens / Necklace","18400","/product/3bbYANoEVRf5iLJkAb3c","rose gold and fancy necklaces/Necklace_062","3bbYANoEVRf5iLJkAb3c"
"ok","visual match, high confidence","Enchanted Garden Multi-Color Rose & CZ Silver Necklace Set","Womens / Necklace","16500","/product/ssYmzQoAfGqOUVE3JGS1","rose gold and fancy necklaces/Necklace_025","ssYmzQoAfGqOUVE3JGS1"
"ok","visual match, high confidence","Gold-Polished Silver Shimmering CZ Diamond & Emerald Scalloped necklace","Womens / Necklace","25600","/product/DacsRqWyxoYnqqQhta7x","ss/dia replica/Dia_Replica_Product_02","DacsRqWyxoYnqqQhta7x"
"ok","visual match, high confidence","Radiant Floral Pendant Necklace Set in 92.5 Sterling Silver with Rose Gold Polish","Womens / Necklace","13900","/product/InFRQZR0DaNXqaOV9W9p","rose gold and fancy necklaces/Necklace_046","InFRQZR0DaNXqaOV9W9p"
"ok","visual match, high confidence","Royal Gold Polish Silver Dainty Ruby Center Floral Scallop Diamond Style Long Necklace","Womens / Necklace","16150","/product/W0zwz9ksFdxildSpXKT4","ss/dia replica/Dia_Replica_Product_04","W0zwz9ksFdxildSpXKT4"
"ok","visual match, high confidence","Royal Navaratna Inspired Multi-Gem Silver Choker with Pearl Clusters","Womens / Necklace","18350","/product/UgpGxiJiugwEqnO8FNn0","set2/Set_005_RainbowGemstoneNecklace","UgpGxiJiugwEqnO8FNn0"
"ok","visual match, high confidence","Shimmering Cubic Zirconia Double Step Necklace with Royal Blue Accents","Womens / Necklace","21400","/product/QBMPy1D4yijLXXHAMfEN","rose gold and fancy necklaces/Necklace_006","QBMPy1D4yijLXXHAMfEN"
"ok","visual match, high confidence","Shimmering White & Blue CZ Blossom Chain Festive Silver Necklace","Womens / Necklace","12100","/product/fHOeI3cMenYG1xNJTNbo","rose gold and fancy necklaces/Necklace_021","fHOeI3cMenYG1xNJTNbo"
"ok","visual match, high confidence","Whimsical Maroon Enamel Floral Vine Festive Rose Gold Set","Womens / Necklace","18100","/product/BwNa90YnPEvlImxwx1dL","rose gold and fancy necklaces/Necklace_035","BwNa90YnPEvlImxwx1dL"
"ok","visual match, high confidence","Antique Oxidized Sterling Silver Ganesha Peepal Leaf Medallion Pendant","Womens / PENDENT","10000","/product/XunySPPgxPcGMJcIGKpR","pendants/Pendant_088_GaneshaPendant","XunySPPgxPcGMJcIGKpR"
"ok","visual match, high confidence","Antique Oxidized Sterling Silver Lord Ganesha Lotus Pendant","Womens / PENDENT","4850","/product/1L1pkMjc9LS66Z3Qki9M","pendants/Pendant_084_GaneshaPendant","1L1pkMjc9LS66Z3Qki9M"
"ok","visual match, high confidence","Antique Silver Mahadev Tripundra Spear Statement Talisman Pendant","Womens / PENDENT","3100","/product/25hgTvFfQCSdsJhI7xjD","pendants/Pendant_091","25hgTvFfQCSdsJhI7xjD"
"ok","visual match, high confidence","Classic Silver Gold Polish Nakshi Balaji Bar Pendant with Emerald & CZ Crescent Frame","Womens / PENDENT","4000","/product/D9eFcjCYYVdX9MYZweyu","pendants/Pendant_061","D9eFcjCYYVdX9MYZweyu"
"ok","visual match, high confidence","Classic silver Nakshi Lakshmi Bar gold polish Pendant with Twin Ruby Kemp Motifs","Womens / PENDENT","6000","/product/9y22LBgi0bxDGAn5ijzn","pendants/Pendant_052","9y22LBgi0bxDGAn5ijzn"
"ok","visual match, high confidence","Grand Divine Lakshmi Lotus Motif Silver Mugappu silver gold polish Pendant with Ruby Accents","Womens / PENDENT","11400","/product/tNg9biDsBbifEfxhjkJa","pendants/Pendant_071","tNg9biDsBbifEfxhjkJa"
"ok","visual match, high confidence","Majestic CZ & Polki Encrusted Ram Parivar Temple Pendant with Emerald Accent","Womens / PENDENT","16800","/product/IOzgZ4kmTCVrb9JrRvcY","pendants/Pendant_024","IOzgZ4kmTCVrb9JrRvcY"
"ok","visual match, high confidence","Majestic CZ & Ruby Chakra-Style Statement Pendant with Radiating Pearls","Womens / PENDENT","22399.98","/product/wSE2lkcod8JrUm4rNZ8f","pendants/Pendant_047","wSE2lkcod8JrUm4rNZ8f"
"ok","visual match, high confidence","Majestic Diamond-Cut CZ Curved Silver Gold Polish Pendant with Emerald Clusters","Womens / PENDENT","9000","/product/RxgM6kNlsLNhx0va79JR","pendants/Pendant_068","RxgM6kNlsLNhx0va79JR"
"ok","visual match, high confidence","Majestic Diamond-Cut CZ Curved silver gold polish Pendant with Ruby Clusters","Womens / PENDENT","6300","/product/zAQOlA4EL5IT6SCl3C4q","pendants/Pendant_073","zAQOlA4EL5IT6SCl3C4q"
"ok","visual match, high confidence","Majestic Polki & CZ Encrusted Vinayaka Motif Pendant with Peacock Borders","Womens / PENDENT","11100","/product/18Xzi0TAAmnaQ5ZZBptO","pendants/Pendant_053_GaneshPendant","18Xzi0TAAmnaQ5ZZBptO"
"ok","visual match, high confidence","Polki & CZ Encrusted Vinayaka Motif Pendant with Emerald Drops","Womens / PENDENT","16499.98","/product/wN0zCrDGQoUTSqrccicj","pendants/Pendant_050_GaneshaPendant","wN0zCrDGQoUTSqrccicj"
"ok","visual match, high confidence","Royal Antique Silver Gold Polish Lakshmi Quad-Peacock Pendant","Womens / PENDENT","9300","/product/yVS1y16KszJDLSgpkPwc","pendants/Pendant_054","yVS1y16KszJDLSgpkPwc"
"ok","visual match, high confidence","Royal Silver Gold Polish Goddess Lakshmi Circular Temple Pendant with Shimmering White CZ Halo","Womens / PENDENT","5700","/product/oTNLFR6Ny7DasYZnKM5O","pendants/Pendant_055_LakshmiPendant","oTNLFR6Ny7DasYZnKM5O"
"ok","visual match, high confidence","Silver Gold Polish Krishna Flute & Peacock Feather Pendant","Womens / PENDENT","3600","/product/IFEk4v5RRmqrTfUCG9Fx","pendants/Pendant_037_KrishnaPendant","IFEk4v5RRmqrTfUCG9Fx"
"ok","visual match, high confidence","Solid Oxidized Silver Lord Ganesha Throne Blessing Pendant","Womens / PENDENT","6950","/product/Dsv1zH4VivhUwKn1i3vN","pendants/Pendant_086_GaneshaPendant","Dsv1zH4VivhUwKn1i3vN"
"ok","visual match, high confidence","92.5 Pure Silver Gold-Plated Pendant Set with Emerald Green Stones and Asymmetric CZ Loops","Womens / PENDENT SET","12200","/product/v01SH9H0JRrafPjk4Gj4","pendants/Pendant_012","v01SH9H0JRrafPjk4Gj4"
"ok","visual match, high confidence","92.5 Pure Silver Flower Branch Studs with Sky Blue and Bright Yellow Enamel Blossoms","Womens / Rings","3600","/product/NP8JoGVeGsJ1uXUsmDgt","ss/earrings/Earring_068","NP8JoGVeGsJ1uXUsmDgt"
"ok","visual match, high confidence","Cosmic Spiral Cluster 92.5 Pure Silver Dainty Statement Ring","Womens / Rings","850","/product/3k8Uf96avSylmLEMKUwG","ladies rings/Ring_063","3k8Uf96avSylmLEMKUwG"
"ok","visual match, high confidence","Dual-Royal Crimson Blossom Solitaire 92.5 Pure Silver Textured Engagement Ring","Womens / Rings","2600","/product/CX6XXAaIuPowqnnx7Jk5","ladies rings/Ring_054","CX6XXAaIuPowqnnx7Jk5"
"ok","visual match, high confidence","Imperial Grand Radiant Solitaire 92.5 Pure Silver Royal Bridal Ring","Womens / Rings","3000","/product/h4Cggdwu8PLVH5cg5yuQ","ladies rings/Ring_052","h4Cggdwu8PLVH5cg5yuQ"
"ok","visual match, high confidence","Majestic Peacock Tail Geometric Pavé 925 Silver Architectural Ring","Womens / Rings","4100","/product/pk3d31TFdilno48CU7p0","ladies rings/Ring_035","pk3d31TFdilno48CU7p0"
"ok","visual match, high confidence","Marquise-Cut Zirconia Leaf Multi-Row Stacked Ring in 92.5 Sterling Silver","Womens / Rings","3850","/product/QpIRKMGoxDU0M5KxVPFz","ladies rings/Ring_023","QpIRKMGoxDU0M5KxVPFz"
"ok","visual match, high confidence","Multi-Tone Rose Gold Polish 92.5 Sterling Silver Intricate Floral Filigree Dome Ring","Womens / Rings","3750","/product/L34byUugtoODDGqwTBzk","ladies rings/Ring_021","L34byUugtoODDGqwTBzk"
"ok","visual match, high confidence","pastel Azure Blue Cabochon Pavé Shank 925 Silver ring","Womens / Rings","1500","/product/aDBoqOvFHwFHOYDqmMYa","ladies rings/Ring_046","aDBoqOvFHwFHOYDqmMYa"
"ok","visual match, high confidence","Royal Gold-Plated Floral Peacock-Inspired 92.5 Pure Silver Statement Ring","Womens / Rings","5300","/product/L5olvjIKfOKIA8spdZIa","ladies rings/Ring_071","L5olvjIKfOKIA8spdZIa"
"ok","visual match, high confidence","Royal Gold-Plated Vintage Filigree Medallion 92.5 Pure Silver Cocktail Ring","Womens / Rings","4500","/product/ZG4twEYXwz4ghcHvkueL","ladies rings/Ring_072","ZG4twEYXwz4ghcHvkueL"
"ok","visual match, high confidence","Royal Heritage Majesty Crown 92.5 Pure Silver Dainty Promise Ring","Womens / Rings","2400","/product/VLP0Zzs4kk6Gmg49UJQk","ladies rings/Ring_062","VLP0Zzs4kk6Gmg49UJQk"
"ok","visual match, high confidence","Royal Sapphire red Floral Cluster Cocktail Ring in 92.5 Sterling Silver","Womens / Rings","2450","/product/bEiXetRNMSTJKsThhU7U","ladies rings/Ring_040","bEiXetRNMSTJKsThhU7U"
"ok","visual match, high confidence","Ruby Red Square Solitaire Cocktail Ring in Gold-Plated 92.5 Sterling Silver","Womens / Rings","5400","/product/lY7WIw9WTr4iU0gePCde","ladies rings/Ring_070","lY7WIw9WTr4iU0gePCde"
"ok","visual match, high confidence","Blooming Petals Necklace Set in 92.5 Sterling Silver with Rose Gold Polish","Womens / Rose Gold Necklace","14900","/product/KspTJgXyh1xcfwOZdvrz","rose gold and fancy necklaces/Necklace_047_PurpleOrchidEnamelNecklace","KspTJgXyh1xcfwOZdvrz"
"ok","visual match, high confidence","Eternal Radiance – 92.5 Sterling Silver Rose Gold Graduated Tennis Set","Womens / Rose Gold Necklace","9700","/product/cqkxiUmk2ovDB0cWBB46","rose gold and fancy necklaces/Necklace_067_RoseGold","cqkxiUmk2ovDB0cWBB46"
"ok","visual match, high confidence","Flora Aura Rose Gold Plated Pure Silver Stud & Necklace Set","Womens / Rose Gold Necklace","12300","/product/7MCvylrq7ojGG7JRA7js","rose gold and fancy necklaces/Necklace_065","7MCvylrq7ojGG7JRA7js"
"ok","visual match, high confidence","Flora Aura Rose Gold Plated Pure Silver Stud & Necklace Set","Womens / Rose Gold Necklace","12300","/product/hBFVcejFaXGoAc7YY7rW","rose gold and fancy necklaces/Necklace_065","hBFVcejFaXGoAc7YY7rW"
"ok","visual match, high confidence","Floral Elegance Necklace Set in 92.5 Sterling Silver with Rose Gold Polish","Womens / Rose Gold Necklace","12850","/product/PUaMHtJz0dYoC3pxBIr7","rose gold and fancy necklaces/Necklace_050","PUaMHtJz0dYoC3pxBIr7"
"ok","visual match, high confidence","Gulabi Blossom 925 Silver Choker Set (Rose Gold Polish)","Womens / Rose Gold Necklace","20300","/product/uhmaK3jurSkIexrHeNsF","rose gold and fancy necklaces/Necklace_059","uhmaK3jurSkIexrHeNsF"
"ok","visual match, high confidence","Modern Enamel Disc Necklace Set in 92.5 Sterling Silver with Rose Gold Polish","Womens / Rose Gold Necklace","10500","/product/KEK5TFwVV5BzyfchxFgk","rose gold and fancy necklaces/Necklace_049","KEK5TFwVV5BzyfchxFgk"
"ok","visual match, high confidence","Pastel Blossom Necklace Set in 92.5 Sterling Silver with Rose Gold Polish","Womens / Rose Gold Necklace","15400","/product/jRmJIgObLoJ1vsseQQeN","rose gold and fancy necklaces/Necklace_053","jRmJIgObLoJ1vsseQQeN"
"ok","visual match, high confidence","Pastel Flora Rose Gold Plated Pure Silver Choker & Earring Set","Womens / Rose Gold Necklace","13400","/product/k3nijNmo4xaF0JlLXmlt","rose gold and fancy necklaces/Necklace_066","k3nijNmo4xaF0JlLXmlt"
"ok","visual match, high confidence","Radiant Floral Pendant Necklace Set in 92.5 Sterling Silver with Rose Gold Polish","Womens / Rose Gold Necklace","13700","/product/PNWHzVtqgToHtoWEzxuA","rose gold and fancy necklaces/Necklace_046","PNWHzVtqgToHtoWEzxuA"
"ok","visual match, high confidence","Brilliant Pear-Drop CZ Silver Gold Polish Necklace","Womens / stone necklace","24700","/product/ETyq56t0EpNhVtTkRzOw","ss/czs/CZ_Product_01","ETyq56t0EpNhVtTkRzOw"
"ok","visual match, high confidence","Contemporary Rose Pink Quartz Style CZ Silver Choker Set","Womens / stone necklace","20600","/product/f2w4UuUe7jjM7tNd2cmc","rose gold and fancy necklaces/Necklace_003","f2w4UuUe7jjM7tNd2cmc"
"ok","visual match, high confidence","Elegant Gold-Polished Silver Twin-Strand Ruby Step Necklace","Womens / stone necklace","7000","/product/q8OqgbJP0lHaJCyqRMHw","temple necklaces/Necklace_020","q8OqgbJP0lHaJCyqRMHw"
"ok","visual match, high confidence","92.5 Pure Silver Gold Polish Haram Divine Lord Venkateshwara Gold Plated Haram","Womens / Temple Haram","18899.98","/product/odHKJs8B1tTj7CjBJfV7","temple necklaces/Necklace_047","odHKJs8B1tTj7CjBJfV7"
"ok","visual match, high confidence","Royal Antique Silver Gold Polish Lakshmi Kasulaperu Haram for Bridal Layering","Womens / Temple Haram","120000","/product/A7SQmdIJnBjPmPvBugV5","temple necklaces/Necklace_043_Grand Handcrafted Goddess Lakshmi Kasu Mala Sterling Silver Long Necklace","A7SQmdIJnBjPmPvBugV5"
"ok","visual match, high confidence","Royal Antique Silver Gold Polish Murali Krishna Temple Long Haram","Womens / Temple Haram","45700","/product/x6f5IcFOXVcCjGmg5aYs","temple necklaces/Necklace_045_PeacockKrishnaPendant","x6f5IcFOXVcCjGmg5aYs"
"ok","visual match, high confidence","Royal Antique Silver Gold Polish Nakshi Lakshmi Floral Haram with Pearl & Emerald Drops","Womens / Temple Haram","57100","/product/2a3UpNnkU0K24fbIIIiu","temple necklaces/Necklace_046_FloralLakshmiPendantPearlFringe","2a3UpNnkU0K24fbIIIiu"
"ok","visual match, high confidence","Royal Gold Polish Silver Shimmering Diamond CZ & Ruby Haram Set with Teardrop Rubies","Womens / Temple Haram","43650","/product/3kmuy9ez1t9GrmCywhdV","ss/czs/CZ_Product_05","3kmuy9ez1t9GrmCywhdV"
"ok","visual match, high confidence","Divine Lakshmi CZ Silver gold polish Necklace with Emerald Green Beads","Womens / temple necklace","21550","/product/n6krItlBEGMt7dDP2Gd3","temple necklaces/Necklace_005","n6krItlBEGMt7dDP2Gd3"
"ok","visual match, high confidence","Divine Murali Krishna CZ Studded Silver Long Festive Chain","Womens / temple necklace","20100","/product/sWxBdMEyqRGHCZkjFbZj","temple necklaces/Necklace_016","sWxBdMEyqRGHCZkjFbZj"
"ok","visual match, high confidence","Electroforming light weight Royal Lakshmi Motif Silver Kante","Womens / temple necklace","28500","/product/mbl2n1SDRqWagokhKQch","temple necklaces/Necklace_033","mbl2n1SDRqWagokhKQch"
"ok","visual match, high confidence","Elegant Diamond-Cut Cubic Zirconia Riviera Chain and Stud Set","Womens / temple necklace","7750","/product/7jZU6SRjOXduuLFWuHFk","rose gold and fancy necklaces/Necklace_005","7jZU6SRjOXduuLFWuHFk"
"ok","visual match, high confidence","Imperial Emerald and CZ Silver Choker with Mint Green Drop Beads","Womens / temple necklace","63500","/product/kXTr199g3mHIvxPF0mD4","set2/Set_004_EmeraldCutCollarKundanNecklace","kXTr199g3mHIvxPF0mD4"
"ok","visual match, high confidence","Royal Antique Silver Gold Polish Ram Parivar & Lakshmi Kasu necklace","Womens / temple necklace","31500","/product/mVqLHwWte5gnSnQ9O9FE","temple necklaces/Necklace_035","mVqLHwWte5gnSnQ9O9FE"
"ok","visual match, high confidence","Royal Goddess Lakshmi Motif Antique Silver Festive Necklace","Womens / temple necklace","20600","/product/vgNY08FjhfO5Cqpidq1h","temple necklaces/Necklace_015_GreenEnamelLakshmiPendant","vgNY08FjhfO5Cqpidq1h"
"ok","visual match, high confidence","Royal Mayura Motif CZ Studded Long Festive Silver nacklace","Womens / temple necklace","20600","/product/HddtJhrnmyyZysTzZwh2","temple necklaces/Necklace_019","HddtJhrnmyyZysTzZwh2"
"ok","visual match, high confidence","92.5 Sterling Silver Full Iced Baguette Halo Watch with Mother-of-Pearl Dial","Womens / watches","14300","/product/6HKtPgkZRrDrlMahwmjy","watches/Watch_001_WhitePaveSunburstDial","6HKtPgkZRrDrlMahwmjy"
"ok","copied from exact duplicate record","Divine Lord Ganesha 92.5 Silver Gold-Plated Black bracelet","Mens / bands","4500","/product/Z6tSOb8s7d8W0fwFp12A","(copied from CxVF59XkUgLGXUgothrj)","Z6tSOb8s7d8W0fwFp12A"
"ok","copied from exact duplicate record","Roxerina 92.5 Sterling Silver Full Iced Out Watch – Gold Plated Pave Link Design","Mens / watches","66000","/product/XHw3d1jUoRUOgvntTCBL","(copied from BHNPxNTGyyaUd8NEe7Oc)","XHw3d1jUoRUOgvntTCBL"
"ok","copied from exact duplicate record","92.5 Pure Silver Butterfly Charm Drop Chain Necklace","Womens / chains","1900","/product/zYi5cyWGlBMy1hW1nIdV","(copied from K2AJOXbcLyuFt7w6kjgA)","zYi5cyWGlBMy1hW1nIdV"
"ok","copied from exact duplicate record","92.5 Pure Silver Gold-Plated Clover Studs with Ruby Pink Kemp and CZ Accents","Womens / earrings","4001","/product/jdbDXZLXr1h55mwlTSD9","(copied from cTaryIpEWSBPUxf4VV1N)","jdbDXZLXr1h55mwlTSD9"
"ok","copied from exact duplicate record","Grand Imperial Emerald & Shimmering White CZ Silver Pendant","Womens / PENDENT","11350","/product/BwS8M94XrfFpFPvrVbwC","(copied from 9Y5oVshSbtd4wkgzXwJT)","BwS8M94XrfFpFPvrVbwC"
"ok","matched by product name","999 Pure Silver Clad Wooden Box with Royal Elephants","artifacts / dry fruit box","17500","/product/NSmoXgQcNyuNhHDrEzU2","","NSmoXgQcNyuNhHDrEzU2"
"ok","matched by product name","92.5 Pure Silver Black Stone Designer Belt Band Bracelet with Gold Accents","Mens / bands","14300","/product/KE9nhd3xetRI7LAGmwll","ss/g bracelet/G_Bracelet_Product_09_92.5 Pure Silver Black Stone Designer Belt Band Bracelet with Gold Accents","KE9nhd3xetRI7LAGmwll"
"ok","matched by product name","92.5 Pure Silver Krishna Antique Gold Finish Stretch Bracelet","Mens / bands","3000","/product/0kBzp7eCwAHSjUlZRKI8","ss/g bracelet/G_Bracelet_Product_01_92.5 Pure Silver Krishna Antique Gold Finish Stretch Bracelet","0kBzp7eCwAHSjUlZRKI8"
"ok","matched by product name","92.5 Pure Silver Om Designer Belt Band Bracelet for Men & Women","Mens / bands","15600","/product/JUi1omst0QTD6AIviL6D","ss/g bracelet/G_Bracelet_Product_10_92.5 Pure Silver Om Designer Belt Band Bracelet","JUi1omst0QTD6AIviL6D"
"ok","matched by product name","92.5 Pure Silver Royal Lion Antique Gold Finish Stretch Bracelet","Mens / bands","4500","/product/5SqFQ3GE6C6jL5Ic63ZH","ss/g bracelet/G_Bracelet_Product_02_92.5 Pure Silver Royal Lion Antique Gold Finish Stretch Bracelet","5SqFQ3GE6C6jL5Ic63ZH"
"ok","matched by product name","Divine Lord Ganesha 92.5 Silver Gold-Plated Black bracelet","Mens / bands","6000","/product/CxVF59XkUgLGXUgothrj","ss/g bracelet/G_Bracelet_Product_03_Divine Lord Ganesha 92.5 Silver Gold-Plated Black Segmented Kada","CxVF59XkUgLGXUgothrj"
"ok","matched by product name","Divine Lord Venkateswara 92.5 Silver Gold-Plated bracelet","Mens / bands","6000","/product/KkAOVw2nnGoYqL0ft7b5","ss/g bracelet/G_Bracelet_Product_04_Divine Lord Venkateswara 92.5 Silver Gold-Plated Segmented Kada","KkAOVw2nnGoYqL0ft7b5"
"ok","matched by product name","92.5 Sterling Silver Men's Alternating Bar and Watch-Link Bracelet","Mens / bracelets","8800","/product/NolVJVt66TsNYDdh2S08","ss/g bracelet/G_Bracelet_Product_22_92.5 Sterling Silver Men's Alternating Bar and Watch-Link Bracelet","NolVJVt66TsNYDdh2S08"
"ok","matched by product name","92.5 Pure Silver Alternating Gold & Silver Polish Textured Designer Statement Chain","Mens / chains","11200","/product/Cu50QlArqSDp8CwCwA95","ss/g chains/G_Chain_Product_11_92.5 Pure Silver Alternating Gold and Silver Polish Textured Designer Statement Chain","Cu50QlArqSDp8CwCwA95"
"ok","matched by product name","92.5 Pure Silver Alternating Gold & Silver Polish Textured Neck Chain","Mens / chains","24800","/product/qou88Tg3ViS5bh7MgcTb","ss/g chains/G_Chain_Product_03_92.5 Pure Silver Alternating Gold and Silver Polish Textured Neck Chain","qou88Tg3ViS5bh7MgcTb"
"ok","matched by product name","Dual-Tone Architectural Tiered Block Link 92.5 Sterling Silver Luxury Chain","Mens / chains","28000","/product/uMUgzSfsahoQShhB6pEn","ss/g chains/G_Chain_Product_10_Dual-Tone Architectural Tiered Block Link 92.5 Sterling Silver Luxury Chain","uMUgzSfsahoQShhB6pEn"
"ok","matched by product name","Dual-Tone Geometric Pyramid 92.5 Sterling Silver Gold-Polished Chain","Mens / chains","18900","/product/rMUFmbuJhTMoPVeMSKQJ","ss/g chains/G_Chain_Product_01_Dual-Tone Geometric Pyramid 92.5 Sterling Silver Gold-Polished Chain","rMUFmbuJhTMoPVeMSKQJ"
"ok","matched by product name","Dual-Tone Sculpted Barrel Link 92.5 Sterling Silver Gold-Polished Chain","Mens / chains","11400","/product/X1jJaB5Q5M5VYhn5xT0j","ss/g chains/G_Chain_Product_02_Dual-Tone Sculpted Barrel Link 92.5 Sterling Silver Gold-Polished Chain","X1jJaB5Q5M5VYhn5xT0j"
"ok","matched by product name","Dual-Tone Textured Bullet & Barrel Link 92.5 Sterling Silver Gold-Polished Chain","Mens / chains","12000","/product/XAJjF1fboay3iSyGNJ5u","ss/g chains/G_Chain_Product_05_Dual-Tone Textured Bullet and Barrel Link 92.5 Sterling Silver Gold-Polished Chain","XAJjF1fboay3iSyGNJ5u"
"ok","matched by product name","Dual-Tone Textured Diamond-Cut & Fish Motif 92.5 Sterling Silver Luxury Chain","Mens / chains","21000","/product/MdOqSOH3ocl6rYilfuto","ss/g chains/G_Chain_Product_12_Dual-Tone Textured Diamond-Cut and Fish Motif 92.5 Sterling Silver Luxury Chain","MdOqSOH3ocl6rYilfuto"
"ok","matched by product name","Dual-Tone Textured Maze & Capsule Link 92.5 Sterling Silver Gold-Polished Chain","Mens / chains","15700","/product/beM6ZR4prdzYoalWc3tE","ss/g chains/G_Chain_Product_04_Dual-Tone Textured Maze and Capsule Link 92.5 Sterling Silver Gold-Polished Chain","beM6ZR4prdzYoalWc3tE"
"ok","matched by product name","Luxury Double-Oval Nested Loop 92.5 Sterling Silver Gold-Polished Chain","Mens / chains","17700","/product/7iaGmS9M74Cesf1r6NMc","ss/g chains/G_Chain_Product_14_Luxury Double-Oval Nested Loop 92.5 Sterling Silver Gold-Polished Chain","7iaGmS9M74Cesf1r6NMc"
"ok","matched by product name","Luxury Heavy Double Curb Cuban 92.5 Sterling Silver Gold-Polished Chain","Mens / chains","20900","/product/rMxYli647H1gbRUJkv7O","ss/g chains/G_Chain_Product_15_Luxury Heavy Double Curb Cuban 92.5 Sterling Silver Gold-Polished Chain","rMxYli647H1gbRUJkv7O"
"ok","matched by product name","Sculpted Cylinder Barrel Link 92.5 Sterling Silver High-Finish Chain","Mens / chains","11300","/product/Y93gz64PP1fl0i0k9yEl","ss/g chains/G_Chain_Product_09_Sculpted Cylinder Barrel Link 92.5 Sterling Silver High-Finish Chain","Y93gz64PP1fl0i0k9yEl"
"ok","matched by product name","Royal Silver Gold Polish Lord Venkateshwara (Balaji) Puligoru Pendant","Mens / pendents","14650","/product/gNMNw3XZpTxkwZmqcLQE","pendants/Pendant_002_Royal Silver Gold Polish Lord Venkateshwara Balaji Puligoru Pendant","gNMNw3XZpTxkwZmqcLQE"
"ok","matched by product name","92.5 Pure Silver Floral CZ Designer Cuff Band Bracelet","Womens / bands","3000","/product/BmQBiOdHt5lEeL1gFzzQ","ss/l bracelets/L_Bracelet_Product_02_92.5 Pure Silver Floral CZ Designer Cuff Band Bracelet","BmQBiOdHt5lEeL1gFzzQ"
"ok","matched by product name","92.5 Pure Silver Rose Gold CZ Designer Cuff Band Bracelet","Womens / bands","3000","/product/M0p5mSMLheizhCpusoMm","ss/l bracelets/L_Bracelet_Product_01_92.5 Pure Silver Rose Gold CZ Designer Cuff Band Bracelet","M0p5mSMLheizhCpusoMm"
"ok","matched by product name","92.5 Pure Silver Rose Gold Heart Charm Designer Cuff Band Bracelet","Womens / bands","3000","/product/dZpi2RUDFH1Vfy6aBzBP","ss/l bracelets/L_Bracelet_Product_04_92.5 Pure Silver Rose Gold Heart Charm Designer Cuff Band Bracelet","dZpi2RUDFH1Vfy6aBzBP"
"ok","matched by product name","92.5 Pure Silver Antique Gold Polish Bangles - Set of 2 with Traditional Mango Motifs","Womens / BANGLES","26800","/product/8dfUiLF8mlKqrporzh4D","ss/bangles/Bangle_Product_02_92.5 Pure Silver Antique Gold Polish Bangles - Set of 2 with Traditional Mango Motifs","8dfUiLF8mlKqrporzh4D"
"ok","matched by product name","92.5 Pure Silver Antique Gold Polish Oval Ruby Filigree Bangles","Womens / BANGLES","32000","/product/TRjsqWVeoFoUN5Yn26OG","ss/bangles/Bangle_Product_29_92.5 Pure Silver Antique Gold Polish Oval Ruby Filigree Bangles","TRjsqWVeoFoUN5Yn26OG"
"ok","matched by product name","92.5 Pure Silver Antique Gold Polish Screw Kadas - Set of 2 with Goddess Lakshmi & Peacock Engravings","Womens / BANGLES","33000","/product/80qjNrNaxsocoH3kIgXq","ss/bangles/Bangle_Product_06_92.5 Pure Silver Antique Gold Polish Screw Kadas - Set of 2 with Goddess Lakshmi and Peacock Engravings","80qjNrNaxsocoH3kIgXq"
"ok","matched by product name","92.5 Pure Silver Gold Polish Antique Designer bangles | Intricate Paisley & Ruby Stone Work","Womens / BANGLES","34200","/product/zUzHU6qevIZ6B9THRNzl","ss/bangles/Bangle_Product_34_92.5 Pure Silver Gold Polish Antique Designer Bangles - Intricate Paisley and Ruby Stone Work","zUzHU6qevIZ6B9THRNzl"
"ok","matched by product name","92.5 Pure Silver Gold Polish Antique Designer Kada | Intricate Floral Work & Ruby Stone Bangle","Womens / BANGLES","31850","/product/NZ5Ce0gjeknxurGz0DyH","ss/bangles/Bangle_Product_38_92.5 Pure Silver Gold Polish Antique Designer Kada - Intricate Floral Work and Ruby Stone Bangle","NZ5Ce0gjeknxurGz0DyH"
"ok","matched by product name","92.5 Pure Silver Gold Polish Bangles - Set of 2 Openwork Marquis Link Navaratna bangles Set","Womens / BANGLES","14200","/product/fqk02O0GrAhv6VDHorOA","ss/bangles/Bangle_Product_14_92.5 Pure Silver Gold Polish Bangles - Openwork Marquis Link Navaratna Bangles Set","fqk02O0GrAhv6VDHorOA"
"ok","matched by product name","92.5 Pure Silver Gold Polish Designer bangles | Traditional Leaf Pattern with Ruby & Black Stone Work","Womens / BANGLES","23750","/product/OmHEySzUOFwg3CjM6kh6","ss/bangles/Bangle_Product_39_92.5 Pure Silver Gold Polish Designer Bangles - Traditional Leaf Pattern with Ruby and Black Stone Work","OmHEySzUOFwg3CjM6kh6"
"ok","matched by product name","92.5 Pure Silver Gold Polish Slim Bangles - Pair of 2 with Repeating Pinwheel Texture","Womens / BANGLES","18700","/product/6LTVG95mTIgzyACSwRaM","ss/bangles/Bangle_Product_07_92.5 Pure Silver Gold Polish Slim Bangles - Repeating Pinwheel Texture","6LTVG95mTIgzyACSwRaM"
"ok","matched by product name","92.5 Pure Silver Gold-Plated Emerald & CZ Openwork Royal Bangles","Womens / BANGLES","31500","/product/dhsX3pAo7krXMn2UVZRT","ss/bangles/Bangle_Product_31_92.5 Pure Silver Gold-Plated Emerald and CZ Openwork Royal Bangles","dhsX3pAo7krXMn2UVZRT"
"ok","matched by product name","92.5 Pure Silver Gold-Plated Royal Ruby Floral Bangles","Womens / BANGLES","13700","/product/AkoNe60Iuq1SGx9s2nw6","ss/bangles/Bangle_Product_28_92.5 Pure Silver Gold-Plated Royal Ruby Floral Bangles","AkoNe60Iuq1SGx9s2nw6"
"ok","matched by product name","92.5 Pure Silver Rhodium-Finish Royal Ruby & Emerald Bangles","Womens / BANGLES","30300","/product/RInGC0mBJhzkglTjZ9px","ss/bangles/Bangle_Product_30_92.5 Pure Silver Rhodium-Finish Royal Ruby and Emerald Bangles","RInGC0mBJhzkglTjZ9px"
"ok","matched by product name","92.5 Pure Silver Rose Gold Bangles with American Diamond Floral Accents - Set of 2","Womens / BANGLES","45600","/product/vYyS8Tdmk8w0aLZjdnPP","ss/bangles/Bangle_Product_01_92.5 Pure Silver Rose Gold Bangles with American Diamond Floral Accents - Set of 2","vYyS8Tdmk8w0aLZjdnPP"
"ok","matched by product name","92.5 Pure Sterling Silver Gold Polish Bangles | Two-Tone Honeycomb Design","Womens / BANGLES","21500","/product/0Lzg8ndJtIHpla8K5EqN","ss/bangles/Bangle_Product_12_92.5 Pure Sterling Silver Gold Polish Bangles - Two-Tone Honeycomb Design","0Lzg8ndJtIHpla8K5EqN"
"ok","matched by product name","92.5 Sterling Silver Gold Polish Square-Cut Emerald Tennis Bangles","Womens / BANGLES","26500","/product/wvEvi1zHA6EBd7YtNHMJ","ss/bangles/Bangle_Product_16_92.5 Sterling Silver Gold Polish Square-Cut Emerald Tennis Bangles","wvEvi1zHA6EBd7YtNHMJ"
"ok","matched by product name","92.5 Sterling Silver Platinum Finish Eternal Tennis Bracelets","Womens / BANGLES","14000","/product/zwx0gH0zzfluhWVEIdSK","ss/bangles/Bangle_Product_08_92.5 Sterling Silver Platinum Finish Eternal Tennis Bracelets","zwx0gH0zzfluhWVEIdSK"
"ok","matched by product name","Antique Gold-Plated Ashta Lakshmi Nakshi Temple Bangles with Emerald Green Accents","Womens / BANGLES","21350","/product/jfxhGGF9kQrHFu9Ymfjy","ss/bangles/Bangle_Product_40_Antique Gold-Plated Ashta Lakshmi Nakshi Temple Bangles with Emerald Green Accents Set of 2","jfxhGGF9kQrHFu9Ymfjy"
"ok","matched by product name","Antique Gold-Plated Ashta Lakshmi Temple Bangles with Kemp Stone Accents","Womens / BANGLES","22750","/product/KK7vsYfPOlEBOek4Yjo9","ss/bangles/Bangle_Product_36_Antique Gold-Plated Ashta Lakshmi Temple Bangles with Kemp Stone Accents","KK7vsYfPOlEBOek4Yjo9"
"ok","matched by product name","Antique Gold-Plated Lakshmi & Floral Temple Bangles with Kemp Stones","Womens / BANGLES","21800","/product/Ld15UYuuEvdqJqbpsP8L","ss/bangles/Bangle_Product_37_Antique Gold-Plated Lakshmi and Floral Temple Bangles with Kemp Stones","Ld15UYuuEvdqJqbpsP8L"
"ok","matched by product name","Antique Gold-Plated Lakshmi & Kalash Temple Bangles with Pearl Beading","Womens / BANGLES","30600","/product/sL02Z1pCsibcTwk66UZo","ss/bangles/Bangle_Product_35_Antique Gold-Plated Lakshmi and Kalash Temple Bangles with Pearl Beading","sL02Z1pCsibcTwk66UZo"
"ok","matched by product name","Golden Radiance: 92.5 Pure Silver 22k Gold Polished Textured Bangles","Womens / BANGLES","14500","/product/VqKHAOrELNjJ46kSxpQ1","ss/bangles/Bangle_Product_03_Golden Radiance 92.5 Pure Silver 22k Gold Polished Textured Bangles","VqKHAOrELNjJ46kSxpQ1"
"ok","matched by product name","Golden Radiance: 92.5 Pure Silver Gold Polish Slim Bangles - Pair of 2 with Matte Lining & High-Shine Motifs","Womens / BANGLES","12800","/product/eKukLl2D0doUirqkAASj","ss/bangles/Bangle_Product_05_Golden Radiance 92.5 Pure Silver Gold Polish Slim Bangles - Matte Lining and High-Shine Motifs","eKukLl2D0doUirqkAASj"
"ok","matched by product name","Handcrafted 92.5 Pure Silver Nakashi Antique Bangles with Ruby & Emerald Accents","Womens / BANGLES","19900","/product/MnZThgKGdR32ejTmOxqG","ss/bangles/Bangle_Product_22_Handcrafted 92.5 Pure Silver Nakashi Antique Bangles with Ruby and Emerald Accents","MnZThgKGdR32ejTmOxqG"
"ok","matched by product name","Handcrafted 92.5 Pure Silver Temple Jewelry Laxmi Kasula Bangles","Womens / BANGLES","24700","/product/BkNVxDe6xM7ryypjX269","ss/bangles/Bangle_Product_23_Handcrafted 92.5 Pure Silver Temple Jewelry Laxmi Kasula Bangles","BkNVxDe6xM7ryypjX269"
"ok","matched by product name","Handcrafted 92.5 Silver Sparkling Diamond-Cut Cubic Zirconia Bangles with Secure Clasp","Womens / BANGLES","17000","/product/7K037ZeNgWgOLp5gVDU7","ss/bangles/Bangle_Product_21_Handcrafted 92.5 Silver Sparkling Diamond-Cut Cubic Zirconia Bangles with Secure Clasp","7K037ZeNgWgOLp5gVDU7"
"ok","matched by product name","Handcrafted 92.5 Sterling Silver Geometric Emerald Glass & White Stone Bangles","Womens / BANGLES","11000","/product/9osHr5t4c6LrFYpWKRNI","ss/bangles/Bangle_Product_25_Handcrafted 92.5 Sterling Silver Geometric Emerald Glass and White Stone Bangles","9osHr5t4c6LrFYpWKRNI"
"ok","matched by product name","Handcrafted Pure Silver Slim Gold-Plated Laser-Cut Textured Bangles","Womens / BANGLES","13600","/product/3MaxTReW47FYf5is0fSQ","ss/bangles/Bangle_Product_24_Handcrafted Pure Silver Slim Gold-Plated Laser-Cut Textured Bangles","3MaxTReW47FYf5is0fSQ"
"ok","matched by product name","Luxury  Gold Polish 92.5 Pure Silver Sparkling Zircon Bangles – Timeless Ethnic Wear","Womens / BANGLES","20500","/product/3oXYUxKt629Ez1xeXGOO","ss/bangles/Bangle_Product_17_Luxury 22k Gold Polish 92.5 Pure Silver Sparkling Zircon Bangles - Timeless Ethnic Wear","3oXYUxKt629Ez1xeXGOO"
"ok","matched by product name","Smooth High-Shine 92.5 Sterling Silver 22k Gold Polish Bangles","Womens / BANGLES","14500","/product/QpmZcBn9iZfqgqFqMhV0","ss/bangles/Bangle_Product_09_Smooth High-Shine 92.5 Sterling Silver 22k Gold Polish Bangles","QpmZcBn9iZfqgqFqMhV0"
"ok","matched by product name","Classic Dark Blue Multi-Layered Fine Silver Festive Mala with Pearl Accents","Womens / beads mala","18900","/product/HJa78CWKCIMk985a7Swc","ss/beads mala/Beads_Mala_Product_08_Classic Dark Blue Multi-Layered Fine Silver Festive Mala with Pearl Accents","HJa78CWKCIMk985a7Swc"
"ok","matched by product name","Classic Deep Emerald Green Multi-Line Fine Silver Layering Mala","Womens / beads mala","12400","/product/Impk9RV39S20cLAs3BPY","ss/beads mala/Beads_Mala_Product_15_Classic Deep Emerald Green Multi-Line Fine Silver Layering Mala","Impk9RV39S20cLAs3BPY"
"ok","matched by product name","Classic Emerald Green & Luminous Pearl Multi-Layered Fine Silver Festive Mala","Womens / beads mala","18900","/product/hsOtu44zlqA6lhCsBn2s","ss/beads mala/Beads_Mala_Product_10_Classic Emerald Green and Luminous Pearl Multi-Layered Fine Silver Festive Mala","hsOtu44zlqA6lhCsBn2s"
"ok","matched by product name","Classic Emerald Green Multi-Layered Silver Festive Mala with Pearl Accents","Womens / beads mala","19099.97","/product/FdEvuJcO5jg2QBsPZ1Og","ss/beads mala/Beads_Mala_Product_05_Classic Emerald Green Multi-Layered Silver Festive Mala with Pearl Accents","FdEvuJcO5jg2QBsPZ1Og"
"ok","matched by product name","Classic Luminous White Pearl Multi-Line Fine Silver Layering Mala","Womens / beads mala","16300","/product/Ekmq4NLgkXZIVXO5qeNu","ss/beads mala/Beads_Mala_Product_14_Classic Luminous White Pearl Multi-Line Fine Silver Layering Mala","Ekmq4NLgkXZIVXO5qeNu"
"ok","matched by product name","Classic Red Coral Cylinder & White Seed Bead Long Layered Silver Mala","Womens / beads mala","16300","/product/5vhrOQeHl394SuVzJPxx","ss/beads mala/Beads_Mala_Product_06_Classic Red Coral Cylinder and White Seed Bead Long Layered Silver Mala","5vhrOQeHl394SuVzJPxx"
"ok","matched by product name","Classic Ruby Pink & White Pearl Bead Long Layered Silver Mala","Womens / beads mala","16000","/product/hayYlbE7dkc5A15srIdF","ss/beads mala/Beads_Mala_Product_03_Classic Ruby Pink and White Pearl Bead Long Layered Silver Mala","hayYlbE7dkc5A15srIdF"
"ok","matched by product name","Divine Antique Gold-Plated Lakshmi Temple Motif Long Haram","Womens / beads mala","17400","/product/iKpEr9TCT1ZYXmh7Pg0c","ss/beads mala/Beads_Mala_Product_16_Divine Antique Gold-Plated Lakshmi Temple Motif Long Haram","iKpEr9TCT1ZYXmh7Pg0c"
"ok","matched by product name","Grand Layered Pearl Mala with Antique Gold-Plated Silver Spacer Beads","Womens / beads mala","29300","/product/LUqfQkarZZYTu7xpgaNc","ss/beads mala/Beads_Mala_Product_02_Grand Layered Pearl Mala with Antique Gold-Plated Silver Spacer Beads","LUqfQkarZZYTu7xpgaNc"
"ok","matched by product name","Grand Layered Sapphire Blue Bead Mala with Antique Gold-Plated Nakshi Accents","Womens / beads mala","27300","/product/CYYjBcC7mcVIXCu1vDyq","ss/beads mala/Beads_Mala_Product_21_Grand Layered Sapphire Blue Bead Mala with Antique Gold-Plated Nakshi Accents","CYYjBcC7mcVIXCu1vDyq"
"ok","matched by product name","Minimalist Three-Line Emerald Faceted Bead Haram in Gold Polish","Womens / beads mala","11700","/product/H3vtI6888q9ozE96wKrA","ss/beads mala/Beads_Mala_Product_17_Minimalist Three-Line Emerald Faceted Bead Haram in Gold Polish","H3vtI6888q9ozE96wKrA"
"ok","matched by product name","Royal Mixed Gemstone Faceted Bead Haram with Antique Nakshi Spacers","Womens / beads mala","21000","/product/Wq5c5UB63CvGMaGbbzai","ss/beads mala/Beads_Mala_Product_12_Royal Mixed Gemstone Faceted Bead Haram with Antique Nakshi Spacers","Wq5c5UB63CvGMaGbbzai"
"ok","matched by product name","Royal Pastel Green Faceted Bead Haram with Antique Gold-Plated Statement Beads","Womens / beads mala","16899.98","/product/MkfivnejzB5bpWOQca8R","ss/beads mala/Beads_Mala_Product_13_Royal Pastel Green Faceted Bead Haram with Antique Gold-Plated Statement Beads","MkfivnejzB5bpWOQca8R"
"ok","matched by product name","Royal Pearl Guttapusalu Style Haram with Antique Gold Plated Silver Spacers","Womens / beads mala","9000","/product/VvOYB4WdNcQ0V1iWfIsB","ss/beads mala/Beads_Mala_Product_09_Royal Pearl Guttapusalu Style Haram with Antique Gold Plated Silver Spacers","VvOYB4WdNcQ0V1iWfIsB"
"ok","matched by product name","Royal Ruby Faceted Bead Haram with Antique Gold-Plated Spacer Pearls","Womens / beads mala","25000","/product/svj1hXtoVotIfNJMk0S4","ss/beads mala/Beads_Mala_Product_11_Royal Ruby Faceted Bead Haram with Antique Gold-Plated Spacer Pearls","svj1hXtoVotIfNJMk0S4"
"ok","matched by product name","Heritage Multi-Strand Purple & Pearl Bead Mala with Nakshi Peacock Beads","Womens / beeds mala","16000","/product/38eh8Y6EgDxDFowwiEIl","ss/beads mala/Beads_Mala_Product_01_Heritage Multi-Strand Purple and Pearl Bead Mala with Nakshi Peacock Beads","38eh8Y6EgDxDFowwiEIl"
"ok","matched by product name","92.5 Pure Silver Gold-Plated Mangalsutra Set with Ruby Pink Stone Pendant and Earrings","Womens / black beads","6300","/product/OM1Oj5Dd8xVyBp8tGQtO","mangalsutra/Mangalsutra_016_GaneshPendantRubyMangalsutra","OM1Oj5Dd8xVyBp8tGQtO"
"ok","matched by product name","92.5 Pure Silver Rose Gold Black Beads Mangalsutra Set with Floral CZ Pendant & Matching Earrings","Womens / black beads","14800","/product/2TsMfC7UisLZR5YGHEv7","mangalsutra/Mangalsutra_017_GoldBeadsDropPendant","2TsMfC7UisLZR5YGHEv7"
"ok","matched by product name","Emerald Green Teardrop Garland 92.5 Sterling Silver Gold-Polished Mangalsutra","Womens / black beads","4500","/product/1T0YKSLcC2WiR3lexBWE","mangalsutra/Mangalsutra_020_GoldTeardropMangalsutra","1T0YKSLcC2WiR3lexBWE"
"ok","matched by product name","92.5 Sterling Silver Triple-Row  Bracelet – Ruby & White Stone Rose Gold Edition","Womens / bracelets","24100","/product/r6LjkIbp6ZsHHWIvUDHi","ss/l bracelets/L_Bracelet_Product_09_92.5 Sterling Silver Triple-Row Men's Bracelet - Ruby and White Stone Rose Gold Edition","r6LjkIbp6ZsHHWIvUDHi"
"ok","matched by product name","92.5 Sterling Silver Triple-Row Zirconia Gents Bracelet – Rose Gold Finish","Womens / bracelets","19400","/product/rSpV6ukWrcMOxifCOc5a","ss/l bracelets/L_Bracelet_Product_10_92.5 Sterling Silver Triple-Row Zirconia Gents Bracelet - Rose Gold Finish","rSpV6ukWrcMOxifCOc5a"
"ok","matched by product name","92.5 Pure Silver Butterfly Charm Drop Chain Necklace","Womens / chains","1700","/product/K2AJOXbcLyuFt7w6kjgA","ss/charm chains/Charm_Chain_Product_08_92.5 Pure Silver Butterfly Charm Drop Chain Necklace","K2AJOXbcLyuFt7w6kjgA"
"ok","matched by product name","92.5 Pure Silver Dual Leaf Pendant Charm Chain","Womens / chains","2900","/product/O6rFY0BLKAOVAUV455dy","ss/charm chains/Charm_Chain_Product_09_92.5 Pure Silver Dual Leaf Pendant Charm Chain with Rose Gold Finish","O6rFY0BLKAOVAUV455dy"
"ok","matched by product name","92.5 Pure Silver Floral Purple Stone Charm Chain with Gold Finish | Elegant Pendant Necklace for Women","Womens / chains","3000","/product/gV7ilPE3Yiiy9Wbwo1fC","ss/charm chains/Charm_Chain_Product_16_92.5 Pure Silver Floral Purple Stone Charm Chain with Gold Finish","gV7ilPE3Yiiy9Wbwo1fC"
"ok","matched by product name","92.5 Pure Silver Heart Lock & Key Charm Chain","Womens / chains","4001","/product/zQW7W9nqCHmBoKKfct8v","ss/charm chains/Charm_Chain_Product_12_92.5 Pure Silver Heart Lock and Key Charm Chain","zQW7W9nqCHmBoKKfct8v"
"ok","matched by product name","92.5 Pure Silver Rose Gold Charm Chain with Celestial & Lucky Charms for Women","Womens / chains","2599.99","/product/LCavsoz6vENcJoeMyFam","ss/charm chains/Charm_Chain_Product_14_92.5 Pure Silver Rose Gold Charm Chain with Celestial and Lucky Charms","LCavsoz6vENcJoeMyFam"
"ok","matched by product name","92.5 Pure Silver Rose Gold Heart Charm Station Chain","Womens / chains","2400","/product/9OS5xHVL1Jd1q5wQdT54","ss/charm chains/Charm_Chain_Product_13_92.5 Pure Silver Rose Gold Heart Charm Station Chain","9OS5xHVL1Jd1q5wQdT54"
"ok","matched by product name","92.5 Sterling Silver Celestial Heart Multi-Charm Necklace","Womens / chains","7900","/product/CQ1HLhJBf3N9RUe8Bczb","ss/charm chains/Charm_Chain_Product_19_92.5 Sterling Silver Celestial Heart Multi-Charm Necklace","CQ1HLhJBf3N9RUe8Bczb"
"ok","matched by product name","92.5 Sterling Silver Cosmic Multi-Charm Drop Necklace","Womens / chains","2500","/product/KWOqvt2GwMgUOZfltBVD","ss/charm chains/Charm_Chain_Product_20_92.5 Sterling Silver Cosmic Multi-Charm Drop Necklace","KWOqvt2GwMgUOZfltBVD"
"ok","matched by product name","92.5 Sterling Silver Floral Charm Pendant Chain & Earrings Set","Womens / chains","8249.98","/product/y18cnZDD0yuaJQEzXqS3","ss/charm chains/Charm_Chain_Product_15_92.5 Sterling Silver Floral Charm Pendant Chain and Earrings Set","y18cnZDD0yuaJQEzXqS3"
"ok","matched by product name","Blooming Pavé Floral Blossom 92.5 Sterling Silver Rose Gold Chain","Womens / chains","3099.98","/product/EaMWfnLD15iX7fQgY0nN","ss/charm chains/Charm_Chain_Product_03_Blooming Pave Floral Blossom 92.5 Sterling Silver Rose Gold Chain","EaMWfnLD15iX7fQgY0nN"
"ok","matched by product name","Enchanted Butterfly Crystal Drop 92.5 Sterling Silver Rose Gold Chain","Womens / chains","3600","/product/yKkr5x2lv7W3lh5QOUnH","ss/charm chains/Charm_Chain_Product_01_Enchanted Butterfly Crystal Drop 92.5 Sterling Silver Rose Gold Chain","yKkr5x2lv7W3lh5QOUnH"
"ok","matched by product name","Enchanted Snowflake Open Heart 92.5 Sterling Silver Rose Gold Chain","Womens / chains","3099.98","/product/Wt7TUYGK0Dzo3wT5hsS4","ss/charm chains/Charm_Chain_Product_07_Enchanted Snowflake Open Heart 92.5 Sterling Silver Rose Gold Chain","Wt7TUYGK0Dzo3wT5hsS4"
"ok","matched by product name","Enchanted Twin Leaf Shimmering 92.5 Sterling Silver Luxury Pendant Chain","Womens / chains","2800","/product/OIUi2hlUVLyoMGvD54h9","ss/charm chains/Charm_Chain_Product_05_Enchanted Twin Leaf Shimmering 92.5 Sterling Silver Luxury Pendant Chain","OIUi2hlUVLyoMGvD54h9"
"ok","matched by product name","Luxury Baguette-Cut CZ Geometric Wave 92.5 Sterling Silver Rose Gold Chain","Womens / chains","1650","/product/QEPH5AyzcadbjZFmwlgv","ss/charm chains/Charm_Chain_Product_02_Luxury Baguette-Cut CZ Geometric Wave 92.5 Sterling Silver Rose Gold Chain","QEPH5AyzcadbjZFmwlgv"
"ok","matched by product name","Shimmering Liquid-Gold Sari Chain with Ruby & CZ peacock Side-Brooch","Womens / chains","10600","/product/YZ3NshYr1OXprTX8nTbC","pendants/Pendant_040_Brooch","YZ3NshYr1OXprTX8nTbC"
"ok","matched by product name","92.5 Pure Silver Antique Gold-Plating Ram Parivar Kasu Drops with Peacock Studs","Womens / earrings","4100","/product/29mWCqzEYMDdd4HJf9z0","ss/earrings/Earring_062_92.5 Pure Silver Antique Gold-Plating Ram Parivar Kasu Drops with Peacock Studs","29mWCqzEYMDdd4HJf9z0"
"ok","matched by product name","92.5 Pure Silver Bell Drop Earrings – Handcrafted Oxidized Designer Danglers","Womens / earrings","7750","/product/Rh9ltbb2gB3EEqqqLvsG","ss/earrings/Earring_046_92.5 Pure Silver Bell Drop Earrings - Handcrafted Oxidized Designer Danglers","Rh9ltbb2gB3EEqqqLvsG"
"ok","matched by product name","92.5 Pure Silver Flower Studs with Pastel Pink Carved Blossom, Green Enamel Leaves, and Pearls","Womens / earrings","10000","/product/0SiHet5erPcIURytzlol","ss/earrings/Earring_064_92.5 Pure Silver Flower Studs with Pastel Pink Carved Blossom Green Enamel Leaves and Pearls","0SiHet5erPcIURytzlol"
"ok","matched by product name","92.5 Pure Silver Gold-Plated Jhumka-Style Chandelier Drops with Ruby Kemp and Pearl Hangings","Womens / earrings","7300","/product/8FJ8j4dYYQvwFFhc292Y","ss/earrings/Earring_087_92.5 Pure Silver Gold-Plated Jhumka-Style Chandelier Drops with Ruby Kemp and Pearl Hangings","8FJ8j4dYYQvwFFhc292Y"
"ok","matched by product name","92.5 Pure Silver Gold-Plated Traditional Peacock Studs with Shimmering CZ Accents","Womens / earrings","5700","/product/txcWPCE8jI1vCJsM1Tr7","ss/earrings/Earring_080_92.5 Pure Silver Gold-Plated Traditional Peacock Studs with Shimmering CZ Accents","txcWPCE8jI1vCJsM1Tr7"
"ok","matched by product name","92.5 Pure Silver Rose Gold Plated Flower Tops with Shimmering CZ and Emerald-Green Accents","Womens / earrings","4200","/product/4fE6XhQDfO270vXCE3lV","ss/earrings/Earring_063_92.5 Pure Silver Rose Gold Plated Flower Tops with Shimmering CZ and Emerald-Green Accents","4fE6XhQDfO270vXCE3lV"
"ok","matched by product name","92.5 Pure Sterling Silver Bow Knot Halo Stud Earrings | Gold-Plated CZ Designer Earrings for Women","Womens / earrings","3100","/product/Cavdue2OwXSldwtqPee2","ss/earrings/Earring_043_92.5 Pure Sterling Silver Bow Knot Halo Stud Earrings","Cavdue2OwXSldwtqPee2"
"ok","matched by product name","92.5 Pure Sterling Silver Heart Halo Stud Earrings | Gold-Plated CZ Heart Designer Earrings for Women","Womens / earrings","3000","/product/RcyXR2CKcTA6zz5wGHnI","ss/earrings/Earring_044_92.5 Pure Sterling Silver Heart Halo Stud Earrings","RcyXR2CKcTA6zz5wGHnI"
"ok","matched by product name","92.5 Pure Sterling Silver Mother-of-Pearl Floral Stud Earrings | CZ & Pearl Designer Earrings for Women","Womens / earrings","3900","/product/H5eaiXyuGK7xkkbg1Rqe","ss/earrings/Earring_047_92.5 Pure Sterling Silver Mother-of-Pearl Floral Stud Earrings","H5eaiXyuGK7xkkbg1Rqe"
"ok","matched by product name","92.5 Silver Baguette Hoop Drops","Womens / earrings","11150","/product/1nGbmhKwaBdQYvC5SU2K","ss/earrings/Earring_001_92.5 Silver Baguette Hoop Drops","1nGbmhKwaBdQYvC5SU2K"
"ok","matched by product name","92.5 Silver Cascade Drop Earrings","Womens / earrings","12000","/product/TR4fAeMgSOvoR9Iw1Gsr","ss/earrings/Earring_009_92.5 Silver Cascade Drop Earrings","TR4fAeMgSOvoR9Iw1Gsr"
"ok","matched by product name","92.5 Silver Gold polish Navaratna-Style Studs","Womens / earrings","7800","/product/Jcaua5BrPhsfzwGxAoOe","ss/earrings/Earring_019_92.5 Silver Navaratna-Style Studs","Jcaua5BrPhsfzwGxAoOe"
"ok","matched by product name","92.5 Silver Multi-Gem Cutout Drops","Womens / earrings","6600","/product/T1vOJCggcukme8hlOlDB","ss/earrings/Earring_004_92.5 Silver Multi-Gem Cutout Drops","T1vOJCggcukme8hlOlDB"
"ok","matched by product name","92.5 Silver Traditional Emerald-Green Pear Studs","Womens / earrings","6200","/product/A8EzTywZs9GF4aSKw6yh","ss/earrings/Earring_021_92.5 Silver Traditional Emerald-Green Pear Studs","A8EzTywZs9GF4aSKw6yh"
"ok","matched by product name","Antique Goddess Lakshmi Nakshi Coin Studs with Emerald-Green Beads – 92.5 Pure Sterling Silver in Gold Polish","Womens / earrings","13400","/product/2hVFffg7cpshaLM8kbHu","ss/earrings/Earring_029_Antique Goddess Lakshmi Nakshi Coin Studs with Emerald-Green Beads","2hVFffg7cpshaLM8kbHu"
"ok","matched by product name","Crystal-Shimmering Bear Silhouette Earrings","Womens / earrings","2350","/product/slZfZ5kCpqHyLdUo7QLs","ss/earrings/Earring_018_Crystal-Shimmering Bear Silhouette Earrings","slZfZ5kCpqHyLdUo7QLs"
"ok","matched by product name","Heritage Red Coral & CZ Oval Center Tops – 92.5 Sterling Silver","Womens / earrings","10150","/product/1O0wDVF7kRoqStCxFTNp","ss/earrings/Earring_030_Heritage Red Coral and CZ Oval Center Tops","1O0wDVF7kRoqStCxFTNp"
"ok","matched by product name","Pastel Royalty in Premium Rose Gold Polish","Womens / earrings","4150","/product/LzBTmH2Fazjaexduv6Vc","ss/earrings/Earring_015_Pastel Royalty in Premium Rose Gold Polish","LzBTmH2Fazjaexduv6Vc"
"ok","matched by product name","Royal Emerald Floral Mandala Stud Earrings – 92.5 Pure Sterling Silver in Gold Polish","Womens / earrings","5350","/product/bxBG2L2rZ3g7GyLSSLRh","ss/earrings/Earring_077_Royal Emerald Floral Mandala Stud Earrings","bxBG2L2rZ3g7GyLSSLRh"
"ok","matched by product name","Royal Imperial Red Sunburst Stud Earrings – 92.5 Pure Sterling Silver in Gold Polish","Womens / earrings","6100","/product/XXh8rdTbT8ilMXQjZgod","ss/earrings/Earring_031_Royal Imperial Red Sunburst Stud Earrings","XXh8rdTbT8ilMXQjZgod"
"ok","matched by product name","The Enamel Hummingbird & Blossom Earrings ✨","Womens / earrings","4800","/product/ncdpfLXrqIwSPxBnvOgm","ss/earrings/Earring_011_The Enamel Hummingbird and Blossom Earrings","ncdpfLXrqIwSPxBnvOgm"
"ok","matched by product name","92.5 Pure Silver Rose Gold Star Drop Earrings | Sparkling CZ Stone Ear Climbers for Women","Womens / kaans","1350","/product/LN3JDgVjC6kW3YIT7G92","ss/kaan/Kaan_Product_14_92.5 Pure Silver Rose Gold Star Drop Earrings","LN3JDgVjC6kW3YIT7G92"
"ok","matched by product name","Cascading Heart Solitaire Kaan Earrings – 92.5 Sterling Silver","Womens / kaans","1500","/product/afo5RMrHnlkLx1KLaejq","ss/kaan/Kaan_Product_02_Cascading Heart Solitaire Kaan Earrings - 92.5 Sterling Silver","afo5RMrHnlkLx1KLaejq"
"ok","matched by product name","Dual-Tone Blossom Branch Ear Climbers – 92.5 Pure Sterling Silver in gold polish","Womens / kaans","3400","/product/PVLwVKaoJxytkXmLw6us","ss/kaan/Kaan_Product_03_Blossom Branch Ear Climbers - 92.5 Pure Sterling Silver Gold Polish","PVLwVKaoJxytkXmLw6us"
"ok","matched by product name","Enchanted Halo Leaf Vine 92.5 Sterling Silver Gold-Plated Kaans","Womens / kaans","2250","/product/qrf0nAVj4CiCi0F3j54r","ss/kaan/Kaan_Product_10_Enchanted Halo Leaf Vine 92.5 Sterling Silver Gold-Plated Kaans","qrf0nAVj4CiCi0F3j54r"
"ok","matched by product name","Enchanted Vine Leaf Ear Climbers – 92.5 Pure Sterling Silver","Womens / kaans","2700","/product/8oMbQogxA55xbDlu3UCI","ss/kaan/Kaan_Product_01_Enchanted Vine Leaf Ear Climbers - 92.5 Pure Sterling Silver","8oMbQogxA55xbDlu3UCI"
"ok","matched by product name","Graceful Entwined Ribbon Pavé Kaan Earrings","Womens / kaans","1200","/product/WuPSo3LyXchukTjVBrMy","ss/kaan/Kaan_Product_05_Graceful Entwined Ribbon Pave Kaan Earrings","WuPSo3LyXchukTjVBrMy"
"ok","matched by product name","Radiant Emerald Green & White 92.5 Sterling Silver Ear Climbers","Womens / kaans","2100","/product/xZttI4gXtU5SFvxDLw3P","ss/kaan/Kaan_Product_12_Radiant Emerald Green and White 92.5 Sterling Silver Ear Climbers Kaans","xZttI4gXtU5SFvxDLw3P"
"ok","matched by product name","Radiant Round & Marquise Leaf 92.5 Sterling Silver Gold-Plated Kaans","Womens / kaans","2100","/product/YMOETTcamx7Rt3XDaTQ3","ss/kaan/Kaan_Product_09_Radiant Round and Marquise Leaf 92.5 Sterling Silver Gold-Plated Kaans","YMOETTcamx7Rt3XDaTQ3"
"ok","matched by product name","Radiant Ruby Pink & White 92.5 Sterling Silver Ear Climbers","Womens / kaans","2200","/product/ryWZ0A3gXV87McYIrLWC","ss/kaan/Kaan_Product_07_Radiant Ruby Pink and White 92.5 Sterling Silver Ear Climbers Kaans","ryWZ0A3gXV87McYIrLWC"
"ok","matched by product name","92.5 Sterling Silver Double-Layer Diamond Sparkle Necklace Set","Womens / Necklace","24250","/product/m3QiN1pkUUu2TyvcMhUr","rose gold and fancy necklaces/Necklace_075_92.5 Sterling Silver Double-Layer Diamond Sparkle Necklace Set","m3QiN1pkUUu2TyvcMhUr"
"ok","matched by product name","92.5 Sterling Silver Teardrop Sparkle Necklace Set with Matching Earrings & Bracelet","Womens / Necklace","17400","/product/Cnsif3giUypwHlfN2Fzy","rose gold and fancy necklaces/Necklace_070_92.5 Sterling Silver Teardrop Sparkle Necklace Set with Matching Earrings and Bracelet","Cnsif3giUypwHlfN2Fzy"
"ok","matched by product name","Blossom Pearl Necklace Set in 92.5 Sterling Silver with Rose Gold Polish","Womens / Necklace","13200","/product/OqLWOr5zDKzNKVSuB0mS","rose gold and fancy necklaces/Necklace_019_Blossom Pearl Necklace Set in 92.5 Sterling Silver with Rose Gold Polish","OqLWOr5zDKzNKVSuB0mS"
"ok","matched by product name","Elegant Rose Gold Orchid Enamel Silver Necklace Set","Womens / Necklace","17500","/product/gjwBtpipgQJAkFplY7I3","rose gold and fancy necklaces/Necklace_023_Elegant Rose Gold Orchid Enamel Silver Necklace Set","gjwBtpipgQJAkFplY7I3"
"ok","matched by product name","Emerald Elegance Tennis Necklace Set in 92.5 Sterling Silver with Rose Gold Polish","Womens / Necklace","17300","/product/dkjGgv3RruDlV7FZj8o5","set2/Set_007_EmeraldTennisChainNecklace","dkjGgv3RruDlV7FZj8o5"
"ok","matched by product name","Enamelled Butterfly Dreams 925 Pure Silver Necklace & Earrings Set","Womens / Necklace","18700","/product/1mYx0aTPqm5IsjbZqe0S","rose gold and fancy necklaces/Necklace_058_Enamelled Butterfly Dreams 925 Pure Silver Necklace and Earrings Set","1mYx0aTPqm5IsjbZqe0S"
"ok","matched by product name","Pure Sterling Silver Gold Polish Grand Lakshmi Bridal Haram Set | Antique Temple Jewellery with Peacock Motifs & Ruby Beads","Womens / Necklace","247049.99","/product/dXnFokwzfqubmA9gIUWs","temple necklaces/Necklace_054_92.5 Pure Sterling Silver Gold Polish Grand Lakshmi Bridal Haram Set - Antique Temple Jewellery with Peacock Motifs and Ruby Beads","dXnFokwzfqubmA9gIUWs"
"ok","matched by product name","Royal Blossom Designer Necklace Set in 92.5 Sterling Silver with Rose Gold Polish","Womens / Necklace","11000","/product/0sf9v1k0wCcC9hSgklgp","rose gold and fancy necklaces/Necklace_048_Cherry Blossom Necklace Set in 92.5 Sterling Silver with Rose Gold Polish","0sf9v1k0wCcC9hSgklgp"
"ok","matched by product name","Royal Emerald & CZ Peacock Silver Haram with Hanging Jhumka Pendant","Womens / Necklace","41650","/product/N9krGgZllQrXR74bXLyK","temple necklaces/Necklace_009_Royal Emerald and CZ Peacock Silver Haram with Hanging Jhumka Pendant","N9krGgZllQrXR74bXLyK"
"ok","matched by product name","Antique Oxidized Sterling Silver Bal Krishna Flute & Makhan Matki Pendant","Womens / PENDENT","6300","/product/9uqnayeAiWLJXhI8p7dq","pendants/Pendant_085_Antique Oxidized Sterling Silver Bal Krishna Flute and Makhan Matki Pendant","9uqnayeAiWLJXhI8p7dq"
"ok","matched by product name","Antique Oxidized Sterling Silver Lord Murugan with Vel & Peacock Pendant","Womens / PENDENT","4800","/product/gEYIXcAJVApckNa3n0rf","pendants/Pendant_087_Antique Oxidized Sterling Silver Lord Murugan with Vel and Peacock Pendant","gEYIXcAJVApckNa3n0rf"
"ok","matched by product name","Antique Silver Mahadev Statement Pendant with Crescent Moon & Nagas","Womens / PENDENT","7600","/product/XG5zkl2Jl6jfMh5zoRoM","pendants/Pendant_083_Antique Silver Mahadev Statement Pendant with Crescent Moon and Nagas","XG5zkl2Jl6jfMh5zoRoM"
"ok","matched by product name","Classic Elephant Motif Nakshi Bar silver gold polish Pendant with Coral Cabochons & CZ","Womens / PENDENT","3500","/product/5Rufm7waxhzOei8kF2eW","pendants/Pendant_079_Classic Elephant Motif Nakshi Bar Silver Gold Polish Pendant with Coral Cabochons & CZ","5Rufm7waxhzOei8kF2eW"
"ok","matched by product name","Divine Ganesha Carved Nakshi Silver Pendant with Shimmering White CZ Halo","Womens / PENDENT","5300","/product/zsDsv0wv0HNAlvzBRj14","pendants/Pendant_034_Divine Ganesha Carved Nakshi Silver Pendant with Shimmering White CZ Halo","zsDsv0wv0HNAlvzBRj14"
"ok","matched by product name","Grand Divine Gaja Lakshmi Antique Silver Pendant with Peacock Feather Art & Faceted Emerald Drops","Womens / PENDENT","17500","/product/EVihSV2B3LsUuzZbKWNq","pendants/Pendant_101_PeacockPaveEmeraldPendant","EVihSV2B3LsUuzZbKWNq"
"ok","matched by product name","Grand Divine Krishna Flute Nakshi Silver gold polish Pendant with CZ Diamonds","Womens / PENDENT","12000","/product/8Q3leWFUGqpNbVPLDgr3","pendants/Pendant_020_Grand Divine Krishna Flute Nakshi Silver Gold Polish Pendant with CZ Diamonds","8Q3leWFUGqpNbVPLDgr3"
"ok","matched by product name","Grand Divine Lakshmi Nakshi Silver gold polish Pendant with Tumbled Ruby Drops","Womens / PENDENT","9900","/product/pNiYdlr0RFAaXUOUebps","pendants/Pendant_027_Grand Divine Lakshmi Nakshi Silver Gold Polish Pendant with Tumbled Ruby Drops","pNiYdlr0RFAaXUOUebps"
"ok","matched by product name","Grand Divine Lakshmi Prabhavali Motif Silver gold polish  Pendant with Kemp Beads","Womens / PENDENT","21000","/product/CkuNecnvC4Vr8uYxM1ac","pendants/Pendant_043_Grand Divine Lakshmi Prabhavali Motif Silver Gold Polish Pendant with Kemp Beads","CkuNecnvC4Vr8uYxM1ac"
"ok","matched by product name","Grand Divine Ram Parivar Carved Silver gold polish Pendant with Pearl Trim","Womens / PENDENT","12200","/product/EiQ1T6Xb8rVCZG3wOj0w","pendants/Pendant_026_Grand Divine Ram Parivar Carved Silver Gold Polish Pendant with Pearl Trim","EiQ1T6Xb8rVCZG3wOj0w"
"ok","matched by product name","Grand Imperial Emerald & Shimmering White CZ Silver Pendant","Womens / PENDENT","9800","/product/9Y5oVshSbtd4wkgzXwJT","pendants/Pendant_099_Grand Imperial Emerald and Shimmering White CZ Silver Pendant","9Y5oVshSbtd4wkgzXwJT"
"ok","matched by product name","Majestic Diamond-Cut CZ Encrusted Mandala Pendant with Emerald Drops","Womens / PENDENT","11399.98","/product/atRmyHyCgQzPoafz0QsR","pendants/Pendant_065_Majestic Diamond-Cut CZ Encrusted Mandala Pendant with Emerald Drops","atRmyHyCgQzPoafz0QsR"
"ok","matched by product name","Majestic Polki & CZ Encrusted Balaji Pendant with tumbled ruby drops","Womens / PENDENT","12800","/product/MJp9fQP8vWLbwVA62BrR","pendants/Pendant_023_Majestic Polki and CZ Encrusted Balaji Pendant with Tumbled Ruby Drops","MJp9fQP8vWLbwVA62BrR"
"ok","matched by product name","Majestic Twin Peacock Venugopala Krishna CZ Halo Pendant with pearls","Womens / PENDENT","12200","/product/Yv90kAZpEukxg4HBAI3A","pendants/Pendant_022_Majestic Twin Peacock Venugopala Krishna CZ Halo Pendant with Pearls","Yv90kAZpEukxg4HBAI3A"
"ok","matched by product name","Royal Antique Silver Gold Polish Lakshmi Lotus Statement Pendant with Pearl Drops","Womens / PENDENT","13900","/product/N9rMGmAIPW7X2EZ1BVx9","pendants/Pendant_045_Royal Antique Silver Gold Polish Lakshmi Lotus Statement Pendant with Pearl Drops","N9rMGmAIPW7X2EZ1BVx9"
"ok","matched by product name","Royal Antique Silver Gold Polish Lakshmi Quad-Peacock Pendant with Ruby Drops and Fluted Gold Drop","Womens / PENDENT","9600","/product/NvpZK6NLfo5f2K1GmKL9","pendants/Pendant_070_Royal Antique Silver Gold Polish Lakshmi Quad-Peacock Pendant with Ruby Drops and Fluted Gold Drop","NvpZK6NLfo5f2K1GmKL9"
"ok","matched by product name","Royal Antique Silver Gold Polish Temple Gopuram Lakshmi Pendant with Coral & Pearls","Womens / PENDENT","18400","/product/edNBBpPoPr5iKDH59gq6","pendants/Pendant_042_Royal Antique Silver Gold Polish Temple Gopuram Lakshmi Pendant with Coral and Pearls","edNBBpPoPr5iKDH59gq6"
"ok","matched by product name","Royal Silver Gold Polish Antique Lakshmi Temple Pendant with Peacock Feather Art & Tumbled Ruby Drops","Womens / PENDENT","20000","/product/4FOdJjAcYbWoEhtz7sLT","pendants/Pendant_063_Royal Silver Gold Polish Antique Lakshmi Temple Pendant with Peacock Feather Art and Tumbled Ruby Drops","4FOdJjAcYbWoEhtz7sLT"
"ok","matched by product name","Royal Silver Gold Polish Antique Two-Headed Eagle Motif Pendant with Massive CZ Solitaire","Womens / PENDENT","6200","/product/of6QYXBTSr187qVCngRd","pendants/Pendant_058_Royal Silver Gold Polish Antique Two-Headed Eagle Motif Pendant with Massive CZ Solitaire","of6QYXBTSr187qVCngRd"
"ok","matched by product name","Royal Silver Gold Polish Carved Iced-Blue Gem & CZ Lattice Pendant","Womens / PENDENT","14300","/product/vkS7UFYE291Tv84zWMIb","pendants/Pendant_039_Royal Silver Gold Polish Carved Iced-Blue Gem and CZ Lattice Pendant","vkS7UFYE291Tv84zWMIb"
"ok","matched by product name","Royal Silver Gold Polish Lord Venkateswara Perumal Temple Pendant with Ruby Drops","Womens / PENDENT","12800","/product/jaxWhfOVcr7OyZixwlxj","pendants/Pendant_003_Royal Silver Gold Polish Lord Venkateswara Perumal Temple Pendant with Ruby Drops","jaxWhfOVcr7OyZixwlxj"
"ok","matched by product name","Royal Silver Gold Polish Ram Parivar Kasu Choker Pendant with Rubies & CZ","Womens / PENDENT","8899.98","/product/bDQGfIs4nZiZiZLg6qsX","pendants/Pendant_078_Royal Silver Gold Polish Ram Parivar Kasu Choker Pendant with Rubies & CZ","bDQGfIs4nZiZiZLg6qsX"
"ok","matched by product name","Royal Silver Gold Polish Sri Ram Darbar Temple Pendant with Pearls & CZ","Womens / PENDENT","32000","/product/Nb8RAnHpX0ejHFwthfqF","pendants/Pendant_075_Royal Silver Gold Polish Sri Ram Darbar Temple Pendant with Pearls & CZ","Nb8RAnHpX0ejHFwthfqF"
"ok","matched by product name","Royal Silver Gold Polish Standing Lord Venkateshwara Temple Pendant with CZ Diamonds & Rubies","Womens / PENDENT","34600","/product/NGK7FmeFmpubpNWTNo3l","pendants/Pendant_074_Royal Silver Gold Polish Standing Lord Venkateshwara Temple Pendant with CZ Diamonds and Rubies","NGK7FmeFmpubpNWTNo3l"
"ok","matched by product name","Royal Silver Gold Polish Twin Peacock Polki Temple Pendant with Ruby Drops","Womens / PENDENT","9600","/product/N1F67mVgMtKcehFB8A5N","pendants/Pendant_031_Royal Silver Gold Polish Twin Peacock Polki Temple Pendant with Ruby Drops","N1F67mVgMtKcehFB8A5N"
"ok","matched by product name","Royal Silver Gold Polish Venugopala Krishna with Cow Temple Pendant with Ruby Drops","Womens / PENDENT","20200","/product/qliMRocYDeMQcdRs5smy","pendants/Pendant_051_Royal Silver Gold Polish Venugopala Krishna with Cow Temple Pendant with Ruby Drops","qliMRocYDeMQcdRs5smy"
"ok","matched by product name","Silver Gold Polish Seated Murali Krishna Pendant","Womens / PENDENT","2100","/product/Q02adWlLFUUJ0iI2Cix6","pendants/Pendant_036_Silver Gold Polish Seated Murali Krishna Pendant","Q02adWlLFUUJ0iI2Cix6"
"ok","matched by product name","Solid Oxidized Silver Divine Bal Hanuman Flying Pendant","Womens / PENDENT","6899.99","/product/CLibh1UCppStMVOWQOjp","pendants/Pendant_080_Solid Oxidized Silver Divine Bal Hanuman Flying Pendant","CLibh1UCppStMVOWQOjp"
"ok","matched by product name","Solid Oxidized Silver Divine Goddess Durga Tiger Rider Pendant","Womens / PENDENT","6000","/product/UeepG8vCAH4godpKiDFE","pendants/Pendant_082_Solid Oxidized Silver Divine Goddess Durga Tiger Rider Pendant","UeepG8vCAH4godpKiDFE"
"ok","matched by product name","Solid Oxidized Silver Divine Lord Murugan Vel Shape Pendant","Womens / PENDENT","3000","/product/CbbC4z7MhJPAVjVDoYIc","pendants/Pendant_094_Solid Oxidized Silver Divine Lord Murugan Vel Shape Pendant","CbbC4z7MhJPAVjVDoYIc"
"ok","matched by product name","Solid Oxidized Silver Divine Seated Lord Murugan Peacock Pendant","Womens / PENDENT","5100","/product/U7tQ1vH02IzMom1moGz1","pendants/Pendant_090_Solid Oxidized Silver Divine Seated Lord Murugan Peacock Pendant","U7tQ1vH02IzMom1moGz1"
"ok","matched by product name","Solid Oxidized Silver Lord Hanuman Kneeling Blessing Pendant","Womens / PENDENT","5700","/product/0GeMU6SHXW4yHGceXQYu","pendants/Pendant_089_Solid Oxidized Silver Lord Hanuman Kneeling Blessing Pendant","0GeMU6SHXW4yHGceXQYu"
"ok","matched by product name","92.5 Pure Silver Antique Gold-Plated Pendant Set with Ruby Flower and Green Meenakari Leaf Accents","Womens / PENDENT SET","17999.99","/product/gxNeYgYfkXrcncbKypqD","pendants/Pendant_008_92.5 Pure Silver Antique Gold-Plated Pendant Set with Ruby Flower and Green Meenakari Leaf Accents","gxNeYgYfkXrcncbKypqD"
"ok","matched by product name","92.5 Pure Silver Antique Gold-Plated Tassel Pendant Set with Ruby Pink Kemp and Emerald Accents","Womens / PENDENT SET","12500","/product/RPa72gp9pu4cYCH53OZ5","pendants/Pendant_015_92.5 Pure Silver Antique Gold-Plated Tassel Pendant Set with Ruby Pink Kemp and Emerald Accents","RPa72gp9pu4cYCH53OZ5"
"ok","matched by product name","92.5 Pure Silver Chandelier Pendant Set with Ruby Pink Stones, CZ Cluster, and Pearl Hangings","Womens / PENDENT SET","6099.97","/product/C4yhZAIaT74oh3X8ZI28","pendants/Pendant_006_92.5 Pure Silver Chandelier Pendant Set with Ruby Pink Stones, CZ Cluster, and Pearl Hangings","C4yhZAIaT74oh3X8ZI28"
"ok","matched by product name","92.5 Pure Silver Gold-Plated Pendant Set with Peach and Mint Green Stones and CZ Halo Frame","Womens / PENDENT SET","4500","/product/5bcp1tZRz39TWc4scxXd","pendants/Pendant_011_92.5 Pure Silver Gold-Plated Pendant Set with Peach and Mint Green Stones and CZ Halo Frame","5bcp1tZRz39TWc4scxXd"
"ok","matched by product name","92.5 Pure Silver Gold-Plated Pendant Set with Rectangular Solitaire and Shimmering Marquise CZ Wing","Womens / PENDENT SET","2800","/product/73BR03AciMhU77MECF5Q","pendants/Pendant_009_92.5 Pure Sterling Silver Gold-Plated Pendant Set with Rectangular Solitaire and Shimmering Marquise CZ Wing","73BR03AciMhU77MECF5Q"
"ok","matched by product name","92.5 Pure Silver Gold-Plated Square Pendant Set with Green Clover Stones and CZ Borders","Womens / PENDENT SET","15200","/product/mbS12x89xI6xs6hrTtzi","pendants/Pendant_017_92.5 Pure Silver Gold-Plated Square Pendant Set with Green Clover Stones and CZ Borders","mbS12x89xI6xs6hrTtzi"
"ok","matched by product name","92.5 Pure Silver Rudraksha Pendant with Divine Goddess Cap | Spiritual Silver Pendant for Men & Women","Womens / PENDENT SET","28500","/product/cTE0WLlJrZ4UhuH2DFnQ","pendants/Pendant_097_92.5 Pure Silver Rudraksha Pendant with Divine Goddess Cap","cTE0WLlJrZ4UhuH2DFnQ"
"ok","matched by product name","Antique Marcasite Wrapped Black Onyx Cabochon 92.5 Pure Silver Statement Ring","Womens / Rings","3500","/product/SIIZNz6RCh6rKJnmNtDz","ladies rings/Ring_061_Antique Marcasite Wrapped Black Onyx Cabochon 92.5 Pure Silver Statement Ring","SIIZNz6RCh6rKJnmNtDz"
"ok","matched by product name","Antique Style Apple-Shaped Sapphire Blue Crystal Ring in 92.5 Sterling Silver","Womens / Rings","3200","/product/0uCRSIcnti5alaEbVX31","ladies rings/Ring_058_Antique Style Apple-Shaped Sapphire Blue Crystal Ring in 92.5 Sterling Silver","0uCRSIcnti5alaEbVX31"
"ok","matched by product name","Black Star Onyx Halo Ring in 92.5 Sterling Silver with Clear Pavé Border","Womens / Rings","3300","/product/7zK0wIFXShq0HkJ97xOQ","ladies rings/Ring_050_Black Star Onyx Halo Ring in 92.5 Sterling Silver with Clear Pave Border","7zK0wIFXShq0HkJ97xOQ"
"ok","matched by product name","Blossom Infinity Linked Knot 92.5 Pure Silver Rose Gold Statement Ring","Womens / Rings","5000","/product/tzigW58VrI5tn6vrulFd","ladies rings/Ring_006_Blossom Infinity Linked Knot 92.5 Pure Silver Rose Gold Statement Ring","tzigW58VrI5tn6vrulFd"
"ok","matched by product name","Blush Pink Minimalist Round Solitaire 92.5 Pure Silver Promise Ring","Womens / Rings","1600","/product/4GfTqUmM0fVajh4auU3A","ladies rings/Ring_059_Blush Pink Minimalist Round Solitaire 92.5 Pure Silver Promise Ring","4GfTqUmM0fVajh4auU3A"
"ok","matched by product name","Classic Round-Cut Solitaire Engagement Ring in 92.5 Sterling Silver","Womens / Rings","2450","/product/bxpmVTc6kiPZX8Qa3trT","ladies rings/Ring_045_Classic Round-Cut Solitaire Engagement Ring in 92.5 Sterling Silver","bxpmVTc6kiPZX8Qa3trT"
"ok","matched by product name","Dual-Monarch Bloom Marquise Ruby-Pink 92.5 Pure Silver Statement Ring","Womens / Rings","2200","/product/S9izVVkt01FgD0iVdUku","ladies rings/Ring_057_Dual-Monarch Bloom Marquise Ruby-Pink 92.5 Pure Silver Statement Ring","S9izVVkt01FgD0iVdUku"
"ok","matched by product name","Dual-Tone Asymmetric Star Ring in 92.5 Sterling Silver with Pavé Accents","Womens / Rings","1700","/product/rnzKIGkb5vc2pnK922hG","ladies rings/Ring_053_Dual-Tone Asymmetric Star Ring in 92.5 Sterling Silver with Pave Accents","rnzKIGkb5vc2pnK922hG"
"ok","matched by product name","Emerald Green Center Multi-Tone Flower Cocktail Ring in 92.5 Sterling Silver","Womens / Rings","6350","/product/oBKqIMPQ7bjFGSU00Yay","ladies rings/Ring_014_Emerald Green Center Multi-Tone Flower Cocktail Ring in 92.5 Sterling Silver","oBKqIMPQ7bjFGSU00Yay"
"ok","matched by product name","Emerald Green Geometric Mandala Cocktail Ring in Gold-Plated 92.5 Sterling Silver","Womens / Rings","4400","/product/YzjhS9XIWIqW1mzK8u17","ladies rings/Ring_069_Emerald Green Geometric Mandala Cocktail Ring in Gold-Plated 92.5 Sterling Silver","YzjhS9XIWIqW1mzK8u17"
"ok","matched by product name","Emotional Hugging Hands Open Ring in 92.5 Sterling Silver with Blue Sapphire Accents","Womens / Rings","2000","/product/XfT85tQROqnWcRPBs3of","ladies rings/Ring_064_Emotional Hugging Hands Open Ring in 92.5 Sterling Silver with Blue Sapphire Accents","XfT85tQROqnWcRPBs3of"
"ok","matched by product name","Horizon Tri-Tone Textured Shell 92.5 Pure Silver Statement Ring","Womens / Rings","5600","/product/GGoIsWlLBGFEglSrO2qu","ladies rings/Ring_009_Horizon Tri-Tone Textured Shell 92.5 Pure Silver Statement Ring","GGoIsWlLBGFEglSrO2qu"
"ok","matched by product name","Infinity Heart Dual-Tone Accent Ring in 92.5 Sterling Silver with Pavé Zirconia","Womens / Rings","2300","/product/LG41X5Ix7wC8kTSYXzsM","ladies rings/Ring_031_Infinity Heart Dual-Tone Accent Ring in 92.5 Sterling Silver with Pave Zirconia","LG41X5Ix7wC8kTSYXzsM"
"ok","matched by product name","Majestic Crown Filigree 925 Sterling Silver  Ring","Womens / Rings","2400","/product/qT6Qj2JsKEgVyU9Kr8sn","ladies rings/Ring_028_Majestic Crown Filigree 925 Sterling Silver Ring","qT6Qj2JsKEgVyU9Kr8sn"
"ok","matched by product name","Midnight Blossom Invisible-Cut Blue Mosaic 92.5 Pure Silver Statement Ring","Womens / Rings","5900","/product/hJo4eTJ2oJ7qsR8iXcvu","ladies rings/Ring_017_Midnight Blossom Invisible-Cut Blue Mosaic 92.5 Pure Silver Statement Ring","hJo4eTJ2oJ7qsR8iXcvu"
"ok","matched by product name","Multi-Color Rainbow Stone Accent Diamond-Shape Pavé Shield Ring in 92.5 Sterling Silver","Womens / Rings","3200","/product/LkSBOoy2SwW3vA0bJT7l","ladies rings/Ring_019_Multi-Color Rainbow Stone Accent Diamond-Shape Pave Shield Ring in 92.5 Sterling Silver","LkSBOoy2SwW3vA0bJT7l"
"ok","matched by product name","Multi-Tone Rose Gold and Yellow Gold Polish 92.5 Sterling Silver Flower Blossom Ring","Womens / Rings","6700","/product/EnlWxqkpclUI85kVoKJW","ladies rings/Ring_012_Multi-Tone Rose Gold and Yellow Gold Polish 92.5 Sterling Silver Flower Blossom Ring","EnlWxqkpclUI85kVoKJW"
"ok","matched by product name","Ocean Blue Teardrop Pear-Cut Halo Ring in 92.5 Sterling Silver","Womens / Rings","2650","/product/5uqQBzjkZjVQ2JjpbX3T","ladies rings/Ring_029_Ocean Blue Teardrop Pear-Cut Halo Ring in 92.5 Sterling Silver","5uqQBzjkZjVQ2JjpbX3T"
"ok","matched by product name","Oval-Cut Solitaire Bypass Ring with Baguette Accents in 92.5 Sterling Silver","Womens / Rings","2900","/product/8uI6WVw8wExvpZcYZ8I1","ladies rings/Ring_027_Oval-Cut Solitaire Bypass Ring with Baguette Accents in 92.5 Sterling Silver","8uI6WVw8wExvpZcYZ8I1"
"ok","matched by product name","Pear-Cut Solitaire Pear Halo Engagement Ring in 92.5 Sterling Silver","Womens / Rings","3100","/product/pQNrgrprK6TLyddvoMb2","ladies rings/Ring_024_Pear-Cut Solitaire Pear Halo Engagement Ring in 92.5 Sterling Silver","pQNrgrprK6TLyddvoMb2"
"ok","matched by product name","Pink Quartz Star Solitaire Halo Ring in 92.5 Sterling Silver","Womens / Rings","3200","/product/iKjqtqJOQea7Y7THcRpo","ladies rings/Ring_032_Pink Quartz Star Solitaire Halo Ring in 92.5 Sterling Silver","iKjqtqJOQea7Y7THcRpo"
"ok","matched by product name","Protective Evil Eye Enamel Ring in 92.5 Sterling Silver with Micro-Pavé Zirconia","Womens / Rings","1850","/product/QOWMCIRWOrInmBu63Lvi","ladies rings/Ring_034_Protective Evil Eye Enamel Ring in 92.5 Sterling Silver with Micro-Pave Zirconia","QOWMCIRWOrInmBu63Lvi"
"ok","matched by product name","Quirky Zipper Motif Band Ring in 92.5 Sterling Silver with Micro-Pave Zirconia","Womens / Rings","3000","/product/6fc8hX329lwr92fzKokg","ladies rings/Ring_022_Quirky Zipper Motif Band Ring in 92.5 Sterling Silver with Micro-Pave Zirconia","6fc8hX329lwr92fzKokg"
"ok","matched by product name","Rainbow Baguette 92.5 Pure Silver Multi-Layer Band Ring","Womens / Rings","4650","/product/CmEz1VNr8veAv7rU52NM","ladies rings/Ring_003_Rainbow Baguette 92.5 Pure Silver Multi-Layer Band Ring","CmEz1VNr8veAv7rU52NM"
"ok","matched by product name","Raspberry Pink Crystal Glint Paved Shank 925 Silver Fashion Ring","Womens / Rings","2300","/product/GhdUF4RSQX3Tw4TmhTDS","ladies rings/Ring_067_Raspberry Pink Crystal Glint Paved Shank 925 Silver Fashion Ring","GhdUF4RSQX3Tw4TmhTDS"
"ok","matched by product name","Rose Gold Plated 92.5 Sterling Silver Intertwined Black and White Zirconia Statement Ring","Womens / Rings","5600","/product/Dk7HJdtV2h5ZeB8w7sn0","ladies rings/Ring_002_Rose Gold Plated 92.5 Sterling Silver Intertwined Black and White Zirconia Statement Ring","Dk7HJdtV2h5ZeB8w7sn0"
"ok","matched by product name","Rose Gold Plated 92.5 Sterling Silver Princess-Cut Cushion Halo Engagement Ring","Womens / Rings","6100","/product/qfF2dZunVYMCdT6kubJl","ladies rings/Ring_004_Rose Gold Plated 92.5 Sterling Silver Princess-Cut Cushion Halo Engagement Ring","qfF2dZunVYMCdT6kubJl"
"ok","matched by product name","Rose Gold Plating 92.5 Sterling Silver Multi-Row Butterfly Stacked Ring","Womens / Rings","3950","/product/D4epqACvroxUOI03mTed","ladies rings/Ring_011_Rose Gold Plating 92.5 Sterling Silver Multi-Row Butterfly Stacked Ring","D4epqACvroxUOI03mTed"
"ok","matched by product name","Rose Quartz Style Round Solitaire Ring with Pavé Hearts in 92.5 Sterling Silver","Womens / Rings","1800","/product/8P78KywGAQ0kGo7wwb26","ladies rings/Ring_049_Rose Quartz Style Round Solitaire Ring with Pave Hearts in 92.5 Sterling Silver","8P78KywGAQ0kGo7wwb26"
"ok","matched by product name","Royal Blue Sapphire Round Solitaire Ring in 92.5 Sterling Silver","Womens / Rings","2000","/product/3dyaB7Dl4oC5NwCnV08f","ladies rings/Ring_030_Royal Blue Sapphire Round Solitaire Ring in 92.5 Sterling Silver","3dyaB7Dl4oC5NwCnV08f"
"ok","matched by product name","Royal Sapphire Blue Floral Cluster Cocktail 3rd spin  Ring in 92.5 Sterling Silver","Womens / Rings","4200","/product/t4gIlpScaHwrIogT5hbE","ladies rings/Ring_068_Royal Sapphire Blue Floral Cluster Cocktail Ring in 92.5 Sterling Silver","t4gIlpScaHwrIogT5hbE"
"ok","matched by product name","Royal Sapphire Blue Flower Wheel Cocktail Ring in 92.5 Sterling Silver","Womens / Rings","3600","/product/qLnwbaSyd3XhQbUw8U0u","ladies rings/Ring_065_Royal Sapphire Blue Flower Wheel Cocktail Ring in 92.5 Sterling Silver","qLnwbaSyd3XhQbUw8U0u"
"ok","matched by product name","Ruby Red Center Stone Multi-Row Wave Cocktail Ring in 92.5 Sterling Silver","Womens / Rings","3100","/product/zgaGvvVBGz9WFgKBYUFd","ladies rings/Ring_001_Ruby Red Center Stone Multi-Row Wave Cocktail Ring in 92.5 Sterling Silver","zgaGvvVBGz9WFgKBYUFd"
"ok","matched by product name","Ruby Red Floral Blossom Halo Cocktail 3rd spin Ring in 92.5 Sterling Silver","Womens / Rings","4001","/product/l1hPlmlNiQssL9rdQaCB","ladies rings/Ring_039_Ruby Red Floral Blossom Halo Cocktail Ring in 92.5 Sterling Silver","l1hPlmlNiQssL9rdQaCB"
"ok","matched by product name","Seraphina Marquise Vine 92.5 Pure Silver Multi-Row Statement Ring","Womens / Rings","3950","/product/EyrCUlfMIu0j6sHCSjKX","ladies rings/Ring_016_Seraphina Marquise Vine 92.5 Pure Silver Multi-Row Statement Ring","EyrCUlfMIu0j6sHCSjKX"
"ok","matched by product name","Square Halo and Arched Crown Layered Dual Band Ring in 92.5 Sterling Silver","Womens / Rings","1900","/product/nFU1VCkgkoP8OLSNwFk7","ladies rings/Ring_066_Square Halo and Arched Crown Layered Dual Band Ring in 92.5 Sterling Silver","nFU1VCkgkoP8OLSNwFk7"
"ok","matched by product name","Tri-Color Rose Gold and Yellow Gold Polish 92.5 Sterling Silver Abstract Clover Ring","Womens / Rings","4900","/product/9YZreaztPVwrD6Xnheo8","ladies rings/Ring_008_Tri-Color Rose Gold and Yellow Gold Polish 92.5 Sterling Silver Abstract Clover Ring","9YZreaztPVwrD6Xnheo8"
"ok","matched by product name","Tri-Color Rose Gold and Yellow Gold Polish 92.5 Sterling Silver Bubble Cluster Ring","Womens / Rings","5700","/product/ZfSvMH4OByayEsewpXtX","ladies rings/Ring_037_Tri-Color Rose Gold and Yellow Gold Polish 92.5 Sterling Silver Bubble Cluster Ring","ZfSvMH4OByayEsewpXtX"
"ok","matched by product name","Tri-Color Rose Gold and Yellow Gold Polish 92.5 Sterling Silver Yin-Yang Spiral Ring","Womens / Rings","5700","/product/jCI4VTJlv4eUGTmxX4cz","ladies rings/Ring_018_Tri-Color Rose Gold and Yellow Gold Polish 92.5 Sterling Silver Yin-Yang Spiral Ring","jCI4VTJlv4eUGTmxX4cz"
"ok","matched by product name","Vintage Origami Blossom Tri-Color Filigree 925 Silver Statement Ring","Womens / Rings","2650","/product/yYw1Yjelxn5zR8hMG8la","ladies rings/Ring_041_Vintage Origami Blossom Tri-Color Filigree 925 Silver Statement Ring","yYw1Yjelxn5zR8hMG8la"
"ok","matched by product name","Enamelled Ribbon Bow 925 Pure Silver Necklace Set with Pearl Accents","Womens / Rose Gold Necklace","20350","/product/6ayLDVfx8EfkB2l3ZQZ4","rose gold and fancy necklaces/Necklace_074_Enamelled Ribbon Bow 925 Pure Silver Necklace Set with Pearl Accents","6ayLDVfx8EfkB2l3ZQZ4"
"ok","matched by product name","Floating Flora – 92.5 Sterling Silver Rose Gold Multi-Tone Wire Necklace Set","Womens / Rose Gold Necklace","12350","/product/6QXZH5R1bVOuV5OgRyNv","rose gold and fancy necklaces/Necklace_068_Floating Flora - 92.5 Sterling Silver Rose Gold Multi-Tone Wire Necklace Set","6QXZH5R1bVOuV5OgRyNv"
"ok","matched by product name","Nature-Inspired Leaf Necklace Set in 92.5 Sterling Silver with Rose Gold Polish","Womens / Rose Gold Necklace","15900","/product/BuC5f90U8qpQ1Q8gyP9f","rose gold and fancy necklaces/Necklace_040_Nature-Inspired Leaf Necklace Set in 92.5 Sterling Silver with Rose Gold Polish","BuC5f90U8qpQ1Q8gyP9f"
"ok","matched by product name","S-Link Eternity Rose Gold Plated Pure Silver Jewelry Set","Womens / Rose Gold Necklace","20650","/product/vn9JriDJK4hK8sgh9Hdq","rose gold and fancy necklaces/Necklace_061_S-Link Eternity Rose Gold Plated Pure Silver Jewelry Set","vn9JriDJK4hK8sgh9Hdq"
"ok","matched by product name","Royal Gold Polish Silver Shimmering Diamond CZ & Emerald Haram","Womens / Temple Haram","52500","/product/AYCO1m54zjA9qib3ahz0","ss/czs/CZ_Product_04_Royal Gold Polish Silver Shimmering Diamond CZ and Emerald Haram","AYCO1m54zjA9qib3ahz0"
"ok","matched by product name","Classic Peacock & Goddess Lakshmi Necklace","Womens / temple necklace","19200","/product/Dkd4waKMwNHk10PTONt5","temple necklaces/Necklace_006_Classic Peacock and Goddess Lakshmi Necklace","Dkd4waKMwNHk10PTONt5"
"ok","matched by product name","Divine Lakshmi Circular Motif CZ Silver Kante Necklace","Womens / temple necklace","32600","/product/QQ70dgp2KSAByXRosGyM","temple necklaces/Necklace_008_Divine Lakshmi Circular Motif CZ Silver Kante Necklace","QQ70dgp2KSAByXRosGyM"
"ok","matched by product name","Emerald Green and CZ White Lakshmi Festive Silver Necklace","Womens / temple necklace","35600","/product/2jBkggevtfrcFaEswNQ6","temple necklaces/Necklace_007_Emerald Green and CZ White Lakshmi Festive Silver Necklace","2jBkggevtfrcFaEswNQ6"
"ok","matched by product name","Heritage Gold-Polished Silver Peacock Pendant Choker in Ruby & Emerald","Womens / temple necklace","23550","/product/4K9lC5xcV4QFSWn7UWTu","temple necklaces/Necklace_018_Heritage Gold-Polished Silver Peacock Pendant Choker in Ruby and Emerald","4K9lC5xcV4QFSWn7UWTu"
"ok","matched by product name","Lakshmi Antique 92.5 Silver Necklace with Gold Polish, Pearls & Green Beads","Womens / temple necklace","40400","/product/XSptGChpUv5d3ihZA4fv","temple necklaces/Necklace_002_Lakshmi Antique 92.5 Silver Necklace with Gold Polish, Pearls and Green Beads","XSptGChpUv5d3ihZA4fv"
"ok","matched by product name","Mahalakshmi Antique 92.5 Silver Necklace with Gold Polish & Coral Pearl Drops","Womens / temple necklace","21400","/product/ftH9SV2ySMLBQ7KKvNi3","temple necklaces/Necklace_004_Mahalakshmi Antique 92.5 Silver Necklace with Gold Polish and Coral Pearl Drops","ftH9SV2ySMLBQ7KKvNi3"
"ok","matched by product name","Royal Antique Silver Gold Polish Elephant Link Lakshmi Temple Necklace with Emerald & CZ Drop","Womens / temple necklace","24800","/product/fEnIs8SlzTQ2JyzCWRfl","temple necklaces/Necklace_012_Royal Antique Silver Gold Polish Elephant Link Lakshmi Temple Necklace with Emerald and CZ Drop","fEnIs8SlzTQ2JyzCWRfl"
"ok","matched by product name","Royal Antique Silver Gold Polish Lord Krishna with Cow Temple Necklace","Womens / temple necklace","22200","/product/V1BKt7qOEz4YHo32Jj4E","temple necklaces/Necklace_024_Royal Antique Silver Gold Polish Lord Krishna with Cow Temple Necklace","V1BKt7qOEz4YHo32Jj4E"
"ok","matched by product name","Royal Lakshmi Motif Silver necklace with Coral Red Accents","Womens / temple necklace","25200","/product/9hpHEkQX9at6Us2ZviGe","temple necklaces/Necklace_040_Royal Lakshmi Motif Silver Necklace with Coral Red Accents","9hpHEkQX9at6Us2ZviGe"
"ok","matched by product name","Royal Antique Silver Gold Polish Nakshi Continuous Peacock Vaddanam with Ruby Bead Clusters","Womens / vaddanam","90400","/product/ayDkyReLhc1I1o1cXAdV","vaddanam/Belt_003_Royal Antique Silver Gold Polish Nakshi Continuous Peacock Vaddanam with Ruby Bead Clusters","ayDkyReLhc1I1o1cXAdV"
"ok","matched by product name","Royal Antique Silver Gold Polish Nakshi Dancing Peacock Vaddanam","Womens / vaddanam","129600","/product/YTEqupY6bgH1VFKLOyus","vaddanam/Belt_008_Royal Antique Silver Gold Polish Nakshi Dancing Peacock Vaddanam","YTEqupY6bgH1VFKLOyus"
"ok","matched by product name","Royal Antique Silver Gold Polish Nakshi Lakshmi Peacock Vaddanam with Ghungroo & Pearl Drops","Womens / vaddanam","120000","/product/yDM7ja7JBX6jSOpoiPFh","vaddanam/Belt_002_Royal Antique Silver Gold Polish Nakshi Lakshmi Peacock Vaddanam with Ghungroo and Pearl Drops","yDM7ja7JBX6jSOpoiPFh"
"ok","matched by product name","Royal Antique Silver Gold Polish Temple Three-Pavilion Architectural Waist Belt with Coral & Pearl Drops","Womens / vaddanam","225750","/product/3ax7Ee5c03QmaqjJUnN3","vaddanam/Belt_004_Royal Antique Silver Gold Polish Temple Three-Pavilion Architectural Waist Belt with Coral and Pearl Drops","3ax7Ee5c03QmaqjJUnN3"
"ok","matched by product name","Royal Multi-Tone Silver Gold Polish Lakshmi Peacock CZ Diamond Vaddanam with Ruby Beads","Womens / vaddanam","145600","/product/mTppPeHb4QSXPmhj3ucw","vaddanam/Belt_005_Royal Multi-Tone Silver Gold Polish Lakshmi Peacock CZ Diamond Vaddanam with Ruby Beads","mTppPeHb4QSXPmhj3ucw"
"ok","matched by product name","Royal Two-Tone Silver Gold Polish CZ Diamond Bridal Vaddanam with Emerald & Jhumka Drops","Womens / vaddanam","149100","/product/NQ5ep9cMJFZQzSao08CW","vaddanam/Belt_006_Royal Two-Tone Silver Gold Polish CZ Diamond Bridal Vaddanam with Emerald and Jhumka Drops","NQ5ep9cMJFZQzSao08CW"
"ok","matched by product name","92.5 Sterling Silver Clover Jewelry Watch with Multi-Texture Inlay Strap","Womens / watches","24000","/product/CJRvfad7dBEoaqViARba","watches/Watch_003_92.5 Sterling Silver Clover Jewelry Watch with Multi-Texture Inlay Strap","CJRvfad7dBEoaqViARba"
"ok","matched by product name","92.5 Sterling Silver Women's Watch with Floral Rose Dial & Diamond-Cut Mesh Strap","Womens / watches","20750","/product/hNQgmU9p9BLsAvJt2ALq","watches/Watch_005_92.5 Sterling Silver Women's Watch with Floral Rose Dial and Diamond-Cut Mesh Strap","hNQgmU9p9BLsAvJt2ALq"
"ok","matched by product name","Eclipse Contemporary 92.5 Silver Luxury Watch – Rose Copper Gradient Edition","Womens / watches","16200","/product/Q29OmlGKcECSXin786h7","watches/Watch_007_Eclipse Contemporary 92.5 Silver Luxury Watch - Rose Copper Gradient Edition","Q29OmlGKcECSXin786h7"
"ok","matched by product name","Gemstone Avant-Garde 92.5 Silver Luxury Watch – Rose Gold Finish","Womens / watches","22250","/product/tHUJR1WCGb6HFGdMwgDd","watches/Watch_006_Gemstone Avant-Garde 92.5 Silver Luxury Watch - Rose Gold Finish","tHUJR1WCGb6HFGdMwgDd"
"ok","matched by product name","Roxerina 92.5 Sterling Silver Full Iced Out Watch – Gold Plated Pave Link Design","Womens / watches","30000","/product/BHNPxNTGyyaUd8NEe7Oc","watches/Watch_013_Roxerina 92.5 Sterling Silver Full Iced Out Watch - Gold Plated Pave Link Design","BHNPxNTGyyaUd8NEe7Oc"
"ok","matched by product name","Royal Gajra 92.5 Silver Ethnic Luxury Jewelry Watch – Rose Gold Finish","Womens / watches","24000","/product/4SjgVZSCo3X98UGWhngQ","watches/Watch_012_Royal Gajra 92.5 Silver Ethnic Luxury Jewelry Watch - Rose Gold Finish","4SjgVZSCo3X98UGWhngQ"